{
  "actual_16": [
    14.134725141734695,
    21.022039638771556,
    25.01085758014569,
    30.424876125859512,
    32.93506158773919,
    37.586178158825675,
    40.9187190121475,
    43.327073280915,
    48.00515088116716,
    49.7738324776723,
    52.970321477714464,
    56.44624769706339,
    59.34704400260235,
    60.83177852460981,
    65.1125440480816,
    67.07981052949417
  ],
  "ctrl_a": [
    9.514977769452301,
    11.280251183297777,
    14.477747739803352,
    17.994190724257376,
    17.12300816095135,
    18.91990559188378,
    24.49120923141216,
    24.632452552755648,
    23.40580281752582,
    27.624583574333542,
    26.524990474863824,
    28.026558833738775,
    31.69987630848665,
    26.267793049445835,
    28.12923943969718,
    33.487853756759414
  ],
  "ctrl_b": [
    14.1347,
    14.794816817851984,
    19.029137929315844,
    20.881396788822762,
    22.16562801262058,
    22.404238376525104,
    22.642808539145125,
    22.72698340285702,
    25.556170698101543,
    26.849038462936985,
    28.581031091612363,
    28.610289362743885,
    33.53872421919681,
    36.05168474360454,
    36.38744530138666,
    36.6697393211435
  ],
  "ctrl_c": [
    14.1347,
    17.664374035299613,
    21.194048070599223,
    24.723722105898833,
    28.253396141198444,
    31.783070176498057,
    35.312744211797664,
    38.84241824709728,
    42.37209228239689,
    45.9017663176965,
    49.43144035299611,
    52.96111438829572,
    56.49078842359533,
    60.02046245889495,
    63.550136494194554,
    67.07981052949417
  ],
  "mean_gap_full": 1.4066944502545156
}