{
  "phase": "13A",
  "question": "Do log-prime frequencies appear in zero spacing ratio power spectrum?",
  "n_ratios": 9998,
  "height_range": [
    21.022039638771556,
    9876.479017063784
  ],
  "mean_gap": 0.9864634392302996,
  "mean_ratio": 0.6147354120643947,
  "primes_tested": [
    2,
    3,
    5,
    7,
    11,
    13,
    17,
    19,
    23
  ],
  "prime_omegas": {
    "2": 0.6931471805599453,
    "3": 1.0986122886681098,
    "5": 1.6094379124341003,
    "7": 1.9459101490553132,
    "11": 2.3978952727983707,
    "13": 2.5649493574615367,
    "17": 2.833213344056216,
    "19": 2.9444389791664403,
    "23": 3.1354942159291497
  },
  "signal_primes_detected": [
    3,
    5,
    7,
    11,
    13,
    17,
    19,
    23
  ],
  "noise_floors": {
    "actual": 2.363933246796067e-06,
    "gue": 4.145938948925933e-06,
    "poisson": 5.8064011702415075e-06,
    "shuffled": 4.634581042813522e-06
  },
  "prime_power": {
    "actual": {
      "2": 1.9871249810647725e-06,
      "3": 1.7985898596212883e-05,
      "5": 0.00017986290859737882,
      "7": 0.0003303329808159561,
      "11": 0.0005465602514962503,
      "13": 0.0005801324557156898,
      "17": 0.00048665486555335994,
      "19": 0.0004999144341451139,
      "23": 0.00043756763982485714
    },
    "gue": {
      "2": 2.1877613393064113e-06,
      "3": 4.404669917042131e-06,
      "5": 3.620217335467234e-06,
      "7": 1.234214663123984e-06,
      "11": 6.249564014394679e-06,
      "13": 2.928908646298675e-06,
      "17": 2.278751722081793e-06,
      "19": 3.659246329880804e-06,
      "23": 3.931623534768024e-06
    },
    "poisson": {
      "2": 3.152453109922275e-06,
      "3": 5.828425237872433e-06,
      "5": 4.4461174030640105e-06,
      "7": 1.8293459883233503e-06,
      "11": 7.223449742322198e-06,
      "13": 4.954803200771331e-06,
      "17": 2.376836065517255e-06,
      "19": 4.502707358254421e-06,
      "23": 5.865984191842016e-06
    },
    "shuffled": {
      "2": 9.751107587875319e-06,
      "3": 2.140796510356865e-06,
      "5": 7.68514328823769e-06,
      "7": 4.137665743774794e-06,
      "11": 4.902715571274565e-06,
      "13": 5.124454197577419e-06,
      "17": 9.977892975498753e-06,
      "19": 4.280302761626603e-06,
      "23": 1.035510468652403e-05
    }
  },
  "snr": {
    "actual": {
      "2": 0.8406011395448675,
      "3": 7.608462980327337,
      "5": 76.08628917130135,
      "7": 139.73870931578526,
      "11": 231.2079887353102,
      "13": 245.40982978346216,
      "17": 205.8665853669695,
      "19": 211.4756983187524,
      "23": 185.1015211270919
    },
    "gue": {
      "2": 0.5276877846629129,
      "3": 1.0624058798992266,
      "5": 0.8731960069998389,
      "7": 0.2976924354961198,
      "11": 1.5073941250422225,
      "13": 0.7064524302890307,
      "17": 0.5496346545749636,
      "19": 0.8826097959857286,
      "23": 0.9483071466323858
    },
    "poisson": {
      "2": 0.5429271966392831,
      "3": 1.0037930668214592,
      "5": 0.7657268715518466,
      "7": 0.3150567683299192,
      "11": 1.2440493742222347,
      "13": 0.8533346311249184,
      "17": 0.409347545205595,
      "19": 0.7754730040582328,
      "23": 1.01026160953292
    },
    "shuffled": {
      "2": 2.1039890116919175,
      "3": 0.4619180224880151,
      "5": 1.6582174779647953,
      "7": 0.8927809667263764,
      "11": 1.0578551817271205,
      "13": 1.1056995552000337,
      "17": 2.1529223209874995,
      "19": 0.9235576467615623,
      "23": 2.234313002807637
    }
  },
  "spectrum_scan": {
    "omegas": [
      0.1,
      0.15,
      0.2,
      0.25,
      0.3,
      0.35,
      0.4,
      0.45,
      0.5,
      0.55,
      0.6,
      0.65,
      0.7,
      0.75,
      0.8,
      0.85,
      0.9,
      0.95,
      1.0,
      1.05,
      1.1,
      1.15,
      1.2,
      1.25,
      1.3,
      1.35,
      1.4,
      1.45,
      1.5,
      1.55,
      1.6,
      1.65,
      1.7,
      1.75,
      1.8,
      1.85,
      1.9,
      1.95,
      2.0,
      2.05,
      2.1,
      2.15,
      2.2,
      2.25,
      2.3,
      2.35,
      2.4,
      2.45,
      2.5,
      2.55,
      2.6,
      2.65,
      2.7,
      2.75,
      2.8,
      2.85,
      2.9,
      2.95,
      3.0,
      3.05,
      3.1,
      3.15,
      3.2,
      3.25,
      3.3,
      3.35,
      3.4,
      3.45,
      3.5,
      3.55,
      3.6,
      3.65,
      3.7,
      3.75,
      3.8,
      3.85,
      3.9,
      3.95,
      4.0
    ],
    "actual": [
      3.041485347483934e-07,
      2.5721831354684523e-05,
      3.832375671071862e-08,
      3.81526673942624e-06,
      1.335234378579725e-06,
      1.7419871182013018e-05,
      1.5489719669520194e-06,
      4.434546895445024e-07,
      2.702823382707099e-05,
      4.77599996708249e-06,
      2.5748545836623584e-06,
      1.7594384457284029e-06,
      1.0808337311397804e-07,
      6.505133665503732e-07,
      2.739761293545095e-06,
      2.4466122528845084e-07,
      2.2632694845585245e-06,
      2.810995707818519e-07,
      3.320039070305608e-06,
      9.467328573036764e-07,
      3.1307284968562575e-06,
      4.410118460253971e-06,
      4.74936284630383e-06,
      2.6056661146266384e-06,
      1.9584091061779785e-06,
      2.425331577355461e-05,
      5.982133736743724e-08,
      1.0843730899452228e-06,
      7.062218076246759e-08,
      2.5862032045127502e-06,
      1.7114670042318374e-06,
      4.123125910389167e-06,
      1.1544957455487215e-06,
      8.819769686055392e-07,
      6.719882740454522e-08,
      1.0190354399945425e-06,
      4.88354540787328e-06,
      9.79518731747404e-07,
      2.5444670805904078e-06,
      1.0374358379400469e-05,
      6.095088066980045e-07,
      8.933814727183472e-07,
      4.55050936295216e-06,
      8.075089331017937e-07,
      2.3425594976054026e-06,
      8.120404125881825e-07,
      5.328256609915491e-06,
      3.306526249123586e-07,
      8.840615362694682e-07,
      4.470688103332565e-06,
      3.066550177339362e-06,
      1.452663143941578e-06,
      5.372804777503272e-07,
      2.121844015078685e-06,
      7.325025869841423e-06,
      1.702504403991451e-06,
      2.3217803568071168e-06,
      6.368879953332055e-07,
      1.669495116174127e-07,
      1.2988752472379903e-06,
      4.599255199416154e-06,
      1.0926649380238296e-06,
      5.138926956200924e-06,
      2.772219415022513e-06,
      2.8020835334016924e-06,
      5.075505352893666e-06,
      4.429895146333931e-06,
      3.5110029597476925e-07,
      1.0676626349303506e-06,
      5.835169358392289e-07,
      5.578622522721573e-07,
      1.0296612957477894e-06,
      1.7266018917330978e-06,
      1.9626695969355654e-06,
      9.472352881725602e-06,
      0.00014069188909029322,
      1.6780719802153876e-06,
      4.014708594938716e-06,
      3.7954324749439517e-06
    ],