{
  "phase": "13B",
  "question": "Does 20-band resolution achieve BK significance vs 10-band Phase 12C?",
  "n_zeros": 10000,
  "n_bands": 20,
  "band_size": 500,
  "threshold_20band": 0.4438,
  "threshold_10band": 0.6319,
  "gue_seeds": [
    1,
    2,
    3,
    4,
    5
  ],
  "t_mids": [
    412.6595419941205,
    1116.0967946675526,
    1700.6632847073877,
    2248.517625910988,
    2773.9301333054746,
    3283.0421363780224,
    3778.9838698401286,
    4265.9473478777745,
    4743.931972706168,
    5214.527351024505,
    5679.170364645541,
    6138.074874830131,
    6592.314415833636,
    7041.671948099754,
    7487.091914458896,
    7928.715523222957,
    8367.319058356825,
    8802.299654795457,
    9234.84110949547,
    9663.96748379051
  ],
  "actual_msr": [
    0.6161612323199365,
    0.6173922139868578,
    0.6166732056293539,
    0.6169086923119579,
    0.6161699296684591,
    0.6181002055089035,
    0.617719940802377,
    0.6138890680537418,
    0.615639986535119,
    0.6121805825937132,
    0.6178522143475603,
    0.6075636487900897,
    0.6151253466146727,
    0.6098617868827307,
    0.6214724646516363,
    0.6075796036369999,
    0.6133873758221788,
    0.6127211532853168,
    0.6164650180315634,
    0.6119503443092704
  ],
  "gue_msr_ensemble": [
    0.5773139135149206,
    0.561271380171481,
    0.5742735728403243,
    0.5686495010744146,
    0.5745445735843581,
    0.5640929795827475,
    0.5645434259293198,
    0.5790036282298627,
    0.5706463144354222,
    0.562135691425671,
    0.5705051691657,
    0.5782843504784217,
    0.5693391690405246,
    0.5852386978836412,
    0.567716818095812,
    0.5806917978037348,
    0.581657401397724,
    0.5827169805174277,
    0.5700712077177663,
    0.5658191424677083
  ],
  "band_deltas": [
    0.03884731880501591,
    0.0561208338153768,
    0.042399632789029584,
    0.0482591912375433,
    0.041625356084101006,
    0.05400722592615603,
    0.05317651487305719,
    0.03488543982387904,
    0.044993672099696735,
    0.05004489116804223,
    0.04734704518186028,
    0.02927929831166798,
    0.045786177574148046,
    0.024623088999089493,
    0.05375564655582432,
    0.02688780583326511,
    0.0317299744244548,
    0.030004172767889137,
    0.04639381031379708,
    0.046131201841562164
  ],
  "prime_steps": [
    {
      "primes": [
        2
      ],
      "last_prime": 2,
      "r": 0.07760370186910917,
      "significant_20band": false,
      "phase12c_r": 0.4799
    },
    {
      "primes": [
        2,
        3
      ],
      "last_prime": 3,
      "r": 0.0782363854485837,
      "significant_20band": false,
      "phase12c_r": 0.2261
    },
    {
      "primes": [
        2,
        3,
        5
      ],
      "last_prime": 5,
      "r": 0.1956833063627507,
      "significant_20band": false,
      "phase12c_r": 0.3211
    },
    {
      "primes": [
        2,
        3,
        5,
        7
      ],
      "last_prime": 7,
      "r": 0.14736612509334224,
      "significant_20band": false,
      "phase12c_r": 0.4037
    },
    {
      "primes": [
        2,
        3,
        5,
        7,
        11
      ],
      "last_prime": 11,
      "r": 0.22064248246586957,
      "significant_20band": false,
      "phase12c_r": 0.4844
    },
    {
      "primes": [
        2,
        3,
        5,
        7,
        11,
        13
      ],
      "last_prime": 13,
      "r": 0.2548723475659884,
      "significant_20band": false,
      "phase12c_r": 0.4461
    },
    {
      "primes": [
        2,
        3,
        5,
        7,
        11,
        13,
        17
      ],
      "last_prime": 17,
      "r": 0.24170899771069812,
      "significant_20band": false,
      "phase12c_r": 0.5195
    },
    {
      "primes": [
        2,
        3,
        5,
        7,
        11,
        13,
        17,
        19
      ],
      "last_prime": 19,
      "r": 0.20839196965398524,
      "significant_20band": false,
      "phase12c_r": 0.5686
    },
    {
      "primes": [
        2,
        3,
        5,
        7,
        11,
        13,
        17,
        19,
        23
      ],
      "last_prime": 23,
      "r": 0.20651419586378456,
      "significant_20band": false,
      "phase12c_r": 0.5793
    },
    {
      "primes": [
        2,
        3,
        5,
        7,
        11,
        13,
        17,
        19,
        23,
        29
      ],
      "last_prime": 29,
      "r": 0.2088666239740095,
      "significant_20band": false,
      "phase12c_r": null
    },
    {
      "primes": [
        2,
        3,
        5,
        7,
        11,
        13,
        17,
        19,
        23,
        29,
        31
      ],
      "last_prime": 31,
      "r": 0.24853451974161356,
      "significant_20band": false,
      "phase12c_r": null
    },
    {
      "primes": [
        2,
        3,
        5,
        7,
        11,
        13,
        17,
        19,
        23,
        29,
        31,
        37
      ],
      "last_prime": 37,
      "r": 0.26039157836433424,
      "significant_20band": false,
      "phase12c_r": null
    },
    {
      "primes": [
        2,
        3,
        5,
        7,
        11,
        13,
        17,
        19,
        23,
        29,
        31,
        37,
        41
      ],
      "last_prime": 41,
      "r": 0.26233552770034535,
      "significant_20band": false,
      "phase12c_r": null
    },
    {
      "primes": [
        2,
        3,
        5,
        7,
        11,
        13,
        17,
        19,
        23,
        29,
        31,
        37,
        41,
        43
      ],
      "last_prime": 43,
      "r": 0.2781458632596102,
      "significant_20band": false,
      "phase12c_r": null
    },
    {
      "primes": [
        2,
        3,
        5,
        7,
        11,
        13,
        17,
        19,
        23,
        29,
        31,
        37,
        41,
        43,
        47
      ],
      "last_prime": 47,
      "r": 0.27838982739925505,
      "significant_20band": false,
      "phase12c_r": null
    },
    {
      "primes": [
        2,
        3,
        5,
        7,
        11,
        13,
        17,
        19,
        23,
        29,
        31,
        37,
        41,
        43,
        47,
        53
      ],
      "last_prime": 53,
      "r": 0.27779417444876553,
      "significant_20band": false,
      "phase12c_r": null
    }
  ],
  "signal_primes": [],
  "phase12c_peak_r": 0.5793,
  "phase12c_peak_prime": 23
}