{
  "phase": "14B",
  "n_p2": 9998,
  "mean_gap": 0.9864634392302996,
  "primes_tested": [
    2,
    3,
    5,
    7,
    11,
    13,
    17,
    19,
    23
  ],
  "14Bi_p2_dft": {
    "signal_primes": [
      2,
      3,
      5,
      7,
      13,
      17,
      19,
      23
    ],
    "noise_floor_actual": 7.887833213054499e-07,
    "noise_floor_gue": 3.2284415513587324e-06,
    "snr": {
      "2": {
        "snr_act": 1584.8710163287437,
        "snr_gue": 0.8896351476208385,
        "snr_poi": 0.9168373058926933,
        "snr_shuf": 0.43794865399541755,
        "signal": true
      },
      "3": {
        "snr_act": 1492.8108204741109,
        "snr_gue": 1.4362036212490907,
        "snr_poi": 1.704781254144161,
        "snr_shuf": 1.2672441653965572,
        "signal": true
      },
      "5": {
        "snr_act": 606.2079762503655,
        "snr_gue": 0.8755532975037507,
        "snr_poi": 0.7034179249184773,
        "snr_shuf": 0.7090800727432824,
        "signal": true
      },
      "7": {
        "snr_act": 180.77474045182376,
        "snr_gue": 1.9095215087571047,
        "snr_poi": 1.316830455919143,
        "snr_shuf": 1.4460572653268544,
        "signal": true
      },
      "11": {
        "snr_act": 0.8956157817299568,
        "snr_gue": 0.32653832770132074,
        "snr_poi": 0.478645101258722,
        "snr_shuf": 0.7125889012133425,
        "signal": false
      },
      "13": {
        "snr_act": 7.760926623843854,
        "snr_gue": 0.9255261249454885,
        "snr_poi": 0.816924343574631,
        "snr_shuf": 1.801269246647665,
        "signal": true
      },
      "17": {
        "snr_act": 46.907743217097575,
        "snr_gue": 0.8590151733713245,
        "snr_poi": 0.8829967436938541,
        "snr_shuf": 0.5930029302019428,
        "signal": true
      },
      "19": {
        "snr_act": 62.52927614745672,
        "snr_gue": 0.6474857760280217,
        "snr_poi": 0.7044887351372664,
        "snr_shuf": 0.5760593510097334,
        "signal": true
      },
      "23": {
        "snr_act": 97.08571682239995,
        "snr_gue": 0.5681379526194561,
        "snr_poi": 0.7348056625483835,
        "snr_shuf": 2.2985535165407986,
        "signal": true
      }
    },
    "phase13a_sr_snr": {
      "2": 0.84,
      "3": 7.6,
      "5": 76.1,
      "7": 139.7,
      "11": 231.2,
      "13": 245.4,
      "17": 205.9,
      "19": 211.5,
      "23": 185.1
    }
  },
  "14Bii_isometry": {
    "theorem": "P3=-P2 => |DFT(P3)|^2 = |DFT(P2)|^2",
    "max_deviation": 0.0,
    "isometry_confirmed": true
  },
  "14Biii_skewness": {
    "t_mids": [
      412.6595419941205,
      1116.0967946675526,
      1700.6632847073877,
      2248.517625910988,
      2773.9301333054746,
      3283.0421363780224,
      3778.9838698401286,
      4265.9473478777745,
      4743.931972706168,
      5214.527351024505,
      5679.170364645541,
      6138.074874830131,
      6592.314415833636,
      7041.671948099754,
      7487.091914458896,
      7928.715523222957,
      8367.319058356825,
      8802.299654795457,
      9234.84110949547,
      9663.96748379051
    ],
    "p2_skew_per_band": [
      -1.918714297574718,
      -0.4986014974489143,
      -0.5102122537609045,
      -0.6117103305320932,
      -0.6031619396456805,
      -0.5479471107719749,
      -0.6272316094675264,
      -0.5349066388501262,
      -0.5303535891842218,
      -0.6661086128622321,
      -0.49329159981332366,
      -0.5477670305625386,
      -0.6697343376376166,
      -0.6025008880940649,
      -0.5338143310336648,
      -0.6313131698021003,
      -0.5705893761485947,
      -0.5049109477638309,
      -0.6490390285662806,
      -0.47288354734038157
    ],
    "gue_skew_per_band": [
      -0.49207050432894944,
      -0.42160570246095497,
      -0.4754594817722231,
      -0.439801944547426,
      -0.4707270343798582,
      -0.3612076564734119,
      -0.4211761853276716,
      -0.4337975552337718,
      -0.3724522129190575,
      -0.3850781677392429,
      -0.5163008109365642,
      -0.43361111509257994,
      -0.5501279029612728,
      -0.5544599255066675,
      -0.49863727451157236,
      -0.532984994727981,
      -0.5633766048540139,
      -0.47342747015000636,
      -0.5218317733887919,
      -0.590620855878283
    ],
    "delta_skew": [
      -1.4266437932457685,
      -0.07699579498795933,
      -0.03475277198868143,
      -0.17190838598466723,
      -0.13243490526582236,
      -0.18673945429856298,
      -0.20605542413985484,
      -0.10110908361635446,
      -0.15790137626516432,
      -0.2810304451229892,
      0.02300921112324056,
      -0.11415591546995868,
      -0.1196064346763438,
      -0.04804096258739743,
      -0.035177056522092465,
      -0.09832817507411928,
      -0.007212771294580866,
      -0.031483477613824584,
      -0.12720725517748865,
      0.11773730853790138
    ],
    "rc9_vector": [
      -0.4115923977321128,
      1.434252661043455,
      -0.8424129096421186,
      2.4231348329192604,
      2.034401096332517,
      1.1700075484836956,
      1.1238683028890017,
      0.20472489727464957,
      -0.9004425349692895,
      -0.7364727965873236,
      0.35548666039750715,
      0.009420069552328401,
      -1.502340448754591,
      -0.4908823399210236,
      1.1343613859780985,
      -0.9579992106527594,
      1.4337981080517714,
      1.8417019256164835,
      -0.8303901830434518,
      0.634406852757709
    ],
    "r_p2skew_vs_rc": 0.21326466052582901,
    "r_delta_vs_rc": 0.17741903686454216,
    "threshold_20band": 0.4438,
    "significant": false
  }
}