{
  "phase": "14C",
  "p_vectors": {
    "P1": [
      0,
      1,
      0,
      0,
      0,
      0,
      -1,
      0
    ],
    "P2": [
      0,
      0,
      0,
      1,
      -1,
      0,
      0,
      0
    ],
    "P3": [
      0,
      0,
      0,
      -1,
      1,
      0,
      0,
      0
    ],
    "P4": [
      0,
      1,
      0,
      0,
      0,
      0,
      1,
      0
    ],
    "P5": [
      0,
      0,
      1,
      0,
      0,
      1,
      0,
      0
    ]
  },
  "color_groups": {
    "CG1": [
      "P1",
      "P4"
    ],
    "CG2": [
      "P2",
      "P5"
    ],
    "CG3": [
      "P3"
    ]
  },
  "primes": [
    2,
    3,
    5,
    7,
    11,
    13,
    17,
    19,
    23
  ],
  "snr": {
    "P1": {
      "2": {
        "act": 749.638014268226,
        "gue": 0.47520241801443186,
        "shuf": 0.6391224752213078,
        "signal": true
      },
      "3": {
        "act": 917.4300868566894,
        "gue": 1.1129824582921553,
        "shuf": 1.197269778402701,
        "signal": true
      },
      "5": {
        "act": 679.6834489059611,
        "gue": 1.384245816688446,
        "shuf": 1.4604332864277485,
        "signal": true
      },
      "7": {
        "act": 463.7070590614096,
        "gue": 2.657644315223676,
        "shuf": 1.2767729552125993,
        "signal": true
      },
      "11": {
        "act": 231.78253311349133,
        "gue": 0.12899418508651678,
        "shuf": 0.37175223804285634,
        "signal": true
      },
      "13": {
        "act": 171.8909047221089,
        "gue": 1.0250089644584404,
        "shuf": 1.057444511293017,
        "signal": true
      },
      "17": {
        "act": 111.20199585133196,
        "gue": 1.2664923972976296,
        "shuf": 1.0049925740765913,
        "signal": true
      },
      "19": {
        "act": 95.03612583331707,
        "gue": 0.5207402545213778,
        "shuf": 0.4846489123168474,
        "signal": true
      },
      "23": {
        "act": 71.09537057035203,
        "gue": 0.3555259550261693,
        "shuf": 1.8359154185801452,
        "signal": true
      }
    },
    "P2": {
      "2": {
        "act": 1584.8710163287444,
        "gue": 0.8896351476208385,
        "shuf": 0.4379486539954175,
        "signal": true
      },
      "3": {
        "act": 1492.8108204741116,
        "gue": 1.43620362124909,
        "shuf": 1.267244165396557,
        "signal": true
      },
      "5": {
        "act": 606.2079762503658,
        "gue": 0.8755532975037512,
        "shuf": 0.7090800727432823,
        "signal": true
      },
      "7": {
        "act": 180.77474045182387,
        "gue": 1.9095215087571042,
        "shuf": 1.4460572653268542,
        "signal": true
      },
      "11": {
        "act": 0.8956157817299574,
        "gue": 0.32653832770132063,
        "shuf": 0.712588901213343,
        "signal": false
      },
      "13": {
        "act": 7.76092662384386,
        "gue": 0.9255261249454894,
        "shuf": 1.8012692466476652,
        "signal": true
      },
      "17": {
        "act": 46.907743217097604,
        "gue": 0.8590151733713232,
        "shuf": 0.5930029302019426,
        "signal": true
      },
      "19": {
        "act": 62.529276147456756,
        "gue": 0.6474857760280214,
        "shuf": 0.5760593510097333,
        "signal": true
      },
      "23": {
        "act": 97.08571682239999,
        "gue": 0.5681379526194559,
        "shuf": 2.298553516540799,
        "signal": true
      }
    },
    "P3": {
      "2": {
        "act": 1584.8710163287444,
        "gue": 0.8896351476208385,
        "shuf": 0.4379486539954175,
        "signal": true
      },
      "3": {
        "act": 1492.8108204741116,
        "gue": 1.43620362124909,
        "shuf": 1.267244165396557,
        "signal": true
      },
      "5": {
        "act": 606.2079762503658,
        "gue": 0.8755532975037512,
        "shuf": 0.7090800727432823,
        "signal": true
      },
      "7": {
        "act": 180.77474045182387,
        "gue": 1.9095215087571042,
        "shuf": 1.4460572653268542,
        "signal": true
      },
      "11": {
        "act": 0.8956157817299574,
        "gue": 0.32653832770132063,
        "shuf": 0.712588901213343,
        "signal": false
      },
      "13": {
        "act": 7.76092662384386,
        "gue": 0.9255261249454894,
        "shuf": 1.8012692466476652,
        "signal": true
      },
      "17": {
        "act": 46.907743217097604,
        "gue": 0.8590151733713232,
        "shuf": 0.5930029302019426,
        "signal": true
      },
      "19": {
        "act": 62.529276147456756,
        "gue": 0.6474857760280214,
        "shuf": 0.5760593510097333,
        "signal": true
      },
      "23": {
        "act": 97.08571682239999,
        "gue": 0.5681379526194559,
        "shuf": 2.298553516540799,
        "signal": true
      }
    },
    "P4": {
      "2": {
        "act": 572.0100165278761,
        "gue": 0.16753198225915847,
        "shuf": 0.699765590858445,
        "signal": true
      },
      "3": {
        "act": 978.9127596170049,
        "gue": 0.6956265590324313,
        "shuf": 1.0403132033343987,
        "signal": true
      },
      "5": {
        "act": 1181.9463028112236,
        "gue": 1.6133534797741742,
        "shuf": 1.4746211188805756,
        "signal": true
      },
      "7": {
        "act": 1127.6991611010662,
        "gue": 2.576013853729062,
        "shuf": 1.2760550820351069,
        "signal": true
      },
      "11": {
        "act": 880.5591667087494,
        "gue": 0.19389715007167863,
        "shuf": 0.5657630386611163,
        "signal": true
      },
      "13": {
        "act": 764.1439623662785,
        "gue": 1.8089768743888524,
        "shuf": 0.6474437081513376,
        "signal": true
      },
      "17": {
        "act": 591.262219359287,
        "gue": 1.0533136370568457,
        "shuf": 2.170553792546365,
        "signal": true
      },
      "19": {
        "act": 526.7392544661396,
        "gue": 1.3902782639290399,
        "shuf": 1.258746364389949,
        "signal": true
      },
      "23": {
        "act": 414.4952684183369,
        "gue": 0.4917179307270078,
        "shuf": 0.8175354958362401,
        "signal": true
      }
    },
    "P5": {
      "2": {
        "act": 504.24116460117415,
        "gue": 0.03879206751717173,
        "shuf": 1.2571436005585799,
        "signal": true
      },
      "3": {
        "act": 1457.7145517782976,
        "gue": 0.27494417594943227,
        "shuf": 1.3060475748355431,
        "signal": true
      },
      "5": {
        "act": 2403.845790655663,
        "gue": 1.1664661420753502,
        "shuf": 2.1775160699716993,
        "signal": true
      },
      "7": {
        "act": 2510.3734907885027,
        "gue": 1.6189967341914482,
        "shuf": 0.8603370051499791,
        "signal": true
      },
      "11": {
        "act": 2076.0462511906685,
        "gue": 0.23684906731383226,
        "shuf": 0.9518162967770308,
        "signal": true
      },
      "13": {
        "act": 1817.6594361384239,
        "gue": 1.9821162900516502,
        "shuf": 0.9538858762938437,
        "signal": true
      },
      "17": {
        "act": 1395.7531815829757,
        "gue": 0.650400987754825,
        "shuf": 2.833424963226118,
        "signal": true
      },
      "19": {
        "act": 1230.7486566134428,
        "gue": 1.352965738315659,
        "shuf": 2.7392383017882698,
        "signal": true
      },
      "23": {
        "act": 964.1159706944012,
        "gue": 0.6836895152264546,
        "shuf": 0.8159661958341189,
        "signal": true
      }
    }
  },
  "snr_profiles": {
    "P1": [
      749.638014268226,
      917.4300868566894,
      679.6834489059611,
      463.7070590614096,
      231.78253311349133,
      171.8909047221089,
      111.20199585133196,
      95.03612583331707,
      71.09537057035203
    ],