{
  "phase": "17B",
  "17Bi_lfunction_q_projection": {
    "question": "Do Q-vector projections (q2, q4) detect Euler product suppression like P-vectors?",
    "datasets": {
      "zeta_n": 10000,
      "chi4_n": 2092,
      "chi3_n": 1893
    },
    "q2_projection": {
      "vector": [
        0,
        0,
        -1,
        0,
        0,
        1,
        0,
        0
      ],
      "label": "e5+e10 (Q2=Q5)",
      "p2_chi4_zeta_ratio": 0.00021840494427854325,
      "p3_chi3_zeta_ratio": 0.0001463047299355745,
      "p16b_reference_p2_ratio": 0.002925531914893617,
      "p16b_reference_p3_ratio": 0.0013846153846153845,
      "snr_zeta": {
        "2": 418.6919165747941,
        "3": 1143.01509009874,
        "5": 1761.743845809999,
        "7": 1757.8072955739833,
        "11": 1357.0121601030223,
        "13": 1151.8515717542775,
        "17": 841.6307813450595,
        "19": 726.565332508235,
        "23": 549.0959340049133
      },
      "snr_chi4": {
        "2": 0.09144438470939438,
        "3": 262.55569636579366,
        "5": 377.59341710284144,
        "7": 413.11308266719,
        "11": 337.17633149502376,
        "13": 278.119239652684,
        "17": 190.63398520454228,
        "19": 174.85262608251264,
        "23": 141.5524908523255
      },
      "snr_chi3": {
        "2": 439.5786421110313,
        "3": 0.16722851406918254,
        "5": 1835.2587455814155,
        "7": 1820.634542398872,
        "11": 1356.5619637116447,
        "13": 1068.4769252028514,
        "17": 760.7688696797593,
        "19": 668.1834803496312,
        "23": 544.3215340483262
      }
    },
    "q4_projection": {
      "vector": [
        0,
        0,
        0,
        1,
        1,
        0,
        0,
        0
      ],
      "label": "e3-e12 (Q4)",
      "p2_chi4_zeta_ratio": 9.808041764172636e-05,
      "p3_chi3_zeta_ratio": 0.00038909964850766126,
      "snr_zeta": {
        "2": 1796.8716374896594,
        "3": 1995.6433452022518,
        "5": 1214.3410982030382,
        "7": 640.0416879149709,
        "11": 171.00819776208857,
        "13": 79.51097691634818,
        "17": 12.757842209317591,
        "19": 4.0638568084869355,
        "23": 0.9911590056628605
      },
      "snr_chi4": {
        "2": 0.17623792065355853,
        "3": 131.29427674280944,
        "5": 75.58896098693657,
        "7": 51.46883914075357,
        "11": 16.54681188260493,
        "13": 1.8733943145069625,
        "17": 0.13867152578266362,
        "19": 0.056390093636017005,
        "23": 1.4999118947207932
      },
      "snr_chi3": {
        "2": 469.94288239441755,
        "3": 0.7765041241648495,
        "5": 284.92423499596816,
        "7": 134.92626334987293,
        "11": 49.570643146692895,
        "13": 11.05887942990668,
        "17": 0.23955894493520635,
        "19": 4.2187070156808915,
        "23": 5.45599152246413
      }
    }
  },
  "17Bii_sedenion_verification": {
    "question": "Computational re-verification of bilateral zero divisor property in CD4",
    "all_patterns_verified": true,
    "max_product_norm": "<=1e-10 (machine precision)",
    "sedenion_product_statistic": {
      "formula": "s_n = scalar_part(x_n * x_{n+1}) = -2 * g_{n+1} * (g_n + g_{n+2})",
      "derivation": "from P1^2 = Q1^2 = -2*e0, P1*Q1 = 0 (bilateral zero divisor)",
      "actual_mean": -3.8012906959833477,
      "actual_var": 7.139430582757504,
      "gue_mean": -3.9161593356224422,
      "gue_var": 6.99741880957848,
      "poisson_mean": -3.9034916185950252,
      "poisson_var": 31.293737829762037,
      "act_gue_var_ratio": 1.0202948797325995,
      "poi_gue_var_ratio": 4.47218305511817
    }
  },
  "p16b_reference_snr": {
    "zeta": {
      "2": 37.6,
      "3": 65.0,
      "5": 126.2,
      "7": 157.5,
      "11": 159.7,
      "13": 145.0,
      "17": 186.0,
      "19": 163.7,
      "23": 181.3
    },
    "chi4": {
      "2": 0.11,
      "3": 6.6,
      "5": 2.7,
      "7": 14.9,
      "11": 12.3,
      "13": 6.6,
      "17": 8.6,
      "19": 7.6,
      "23": 6.6
    },
    "chi3": {
      "2": 1.1,
      "3": 0.09,
      "5": 7.3,
      "7": 6.5,
      "11": 8.9,
      "13": 10.0,
      "17": 12.0,
      "19": 11.6,
      "23": 18.7
    }
  }
}