{
  "phase": 37,
  "track": "V1",
  "c1": 0.11797805192095003,
  "F_norm_sq_gamma1": 0.9117314818373538,
  "F0_gamma1": 0.06539749427393954,
  "A_antisymmetry_check": 0.0,
  "iA_eigenvalues_gamma1": [
    -0.6554029221589087,
    -0.2364818207585988,
    -0.014087348483965156,
    0.014087348483965168,
    0.23648182075859878,
    0.655402922158909
  ],
  "gamma_1": 14.134725141734695,
  "pass": true
}