{
  "6": {
    "max_evals": [
      21.95475838323018,
      54.08195253520285,
      29.847507832535968,
      36.440771981553326,
      40.68500471900152,
      29.438971554756165,
      25.31087481975875,
      20.505584080685253,
      31.997809691921354,
      19.7115193044499
    ],
    "max_eval_range": [
      19.7115193044499,
      54.08195253520285
    ],
    "above_gamma1_mean": 1.0,
    "spearman_rho": -0.4545454545454545,
    "spearman_p": 0.186904810349332,
    "elapsed_s": 0.3144659996032715
  },
  "12": {
    "max_evals": [
      44.790026509045646,
      86.16981303964093,
      60.17840610434346,
      76.64927370316877,
      76.37845121557342,
      60.54089577513166,
      47.62642176537396,
      40.704673023880744,
      61.74940837764967,
      38.62566536508646
    ],
    "max_eval_range": [
      38.62566536508646,
      86.16981303964093
    ],
    "above_gamma1_mean": 1.3,
    "spearman_rho": -0.43030303030303024,
    "spearman_p": 0.21449233253280775,
    "elapsed_s": 1.264660358428955
  },
  "18": {
    "max_evals": [
      66.20261386650454,
      120.5715260234946,
      94.04514956395232,
      112.57987552024937,
      113.53500446872201,
      92.42852012302589,
      71.25888978033065,
      61.40166004584101,
      94.31535584319258,
      57.18827648065091
    ],
    "max_eval_range": [
      57.18827648065091,
      120.5715260234946
    ],
    "above_gamma1_mean": 1.7,
    "spearman_rho": -0.4545454545454545,
    "spearman_p": 0.186904810349332,
    "elapsed_s": 2.764320135116577
  },
  "24": {
    "max_evals": [
      89.94359942266837,
      153.6690559108028,
      126.52836169899811,
      150.78347684655455,
      152.30292971624868,
      126.76227695392228,
      94.37066589691457,
      82.16786039038118,
      124.57736609560067,
      75.94189648331263
    ],
    "max_eval_range": [
      75.94189648331263,
      153.6690559108028
    ],
    "above_gamma1_mean": 2.2,
    "spearman_rho": -0.5272727272727272,
    "spearman_p": 0.11730806555020223,
    "elapsed_s": 4.977160453796387
  },
  "30": {
    "max_evals": [
      118.67087008218252,
      181.0514476151984,
      159.96993848485423,
      188.49773240844655,
      187.95718781886058,
      166.48765180503443,
      119.44785309194404,
      105.55135881195739,
      160.7242821852036,
      93.78690614606867
    ],
    "max_eval_range": [
      93.78690614606867,
      188.49773240844655
    ],
    "above_gamma1_mean": 3.2,
    "spearman_rho": -0.406060606060606,
    "spearman_p": 0.24428229408662638,
    "elapsed_s": 7.359498977661133
  },
  "36": {
    "max_evals": [
      142.0120416544321,
      215.48798602041228,
      191.09458843955167,
      225.65566032440466,
      225.64458155297893,
      197.31929217253582,
      143.409938129399,
      126.66225983235515,
      195.44180477624542,
      112.13920117932977
    ],
    "max_eval_range": [
      112.13920117932977,
      225.65566032440466
    ],
    "above_gamma1_mean": 3.7,
    "spearman_rho": -0.406060606060606,
    "spearman_p": 0.24428229408662638,
    "elapsed_s": 10.700981855392456
  },
  "42": {
    "max_evals": [
      163.5998918243211,
      254.06154174095605,
      220.8478325429466,
      261.8791473518048,
      262.12317083348717,
      230.15746244377033,
      167.96154282329297,
      148.3073888406533,
      228.30057689220865,
      130.65590894149236
    ],
    "max_eval_range": [
      130.65590894149236,
      262.12317083348717
    ],
    "above_gamma1_mean": 5.1,
    "spearman_rho": -0.3939393939393939,
    "spearman_p": 0.25999776683488757,
    "elapsed_s": 14.69423246383667
  },
  "60": {
    "max_evals": [
      231.37809113257165,
      357.9600506019177,
      312.30812480466574,
      372.99588450514966,
      374.125725233171,
      323.9542003499659,
      239.48900472973213,
      211.77962283063297,
      328.43523648307735,
      185.93279688488064
    ],
    "max_eval_range": [
      185.93279688488064,
      374.125725233171
    ],
    "above_gamma1_mean": 8.5,
    "spearman_rho": -0.35757575757575755,
    "spearman_p": 0.3103760917056799,
    "elapsed_s": 29.60835337638855
  }
}