{
  "track": "V1",
  "M_agg_N1_6basis_lambda_max": 21.95475838323018,
  "phase40_baseline": 21.955,
  "match": true,
  "M_agg_N1_60basis_lambda_max": 235.85543792198985,
  "M_agg_N1_60basis_min_eval": -19.537673482626765
}