{
  "phase": 37,
  "track": "P1",
  "c1": 0.11797805192095003,
  "rank_distribution": {
    "6": 100
  },
  "linearity_test_error": 3.360833276019125,
  "is_linear": false,
  "sample_matrices": [
    {
      "n": 1,
      "gamma": 14.134725141734695,
      "rank": 6,
      "max_abs_entry": 0.47584675086298295,
      "max_entry_idx": [
        1,
        3
      ],
      "A_matrix": [
        [
          0.0,
          -0.023548562676469462,
          0.09032504175732216,
          -0.0,
          -0.03512801458897152,
          0.041802403139009126
        ],
        [
          0.023548562676469462,
          0.0,
          -0.0,
          -0.47584675086298295,
          -0.0,
          -0.0
        ],
        [
          -0.09032504175732216,
          -0.0,
          0.0,
          -0.0,
          0.13278909348374524,
          -0.19460515982362372
        ],
        [
          -0.0,
          0.47584675086298295,
          -0.0,
          0.0,
          0.4378467451995528,
          -0.0
        ],
        [
          0.03512801458897152,
          -0.0,
          -0.13278909348374524,
          -0.4378467451995528,
          0.0,
          0.018344341208829714
        ],
        [
          -0.041802403139009126,
          -0.0,
          0.19460515982362372,
          -0.0,
          -0.018344341208829714,
          0.0
        ]
      ],
      "frobenius_norm": 0.9855709972508807
    },
    {
      "n": 2,
      "gamma": 21.022039638771556,
      "rank": 6,
      "max_abs_entry": 1.226655161709071,
      "max_entry_idx": [
        0,
        4
      ],
      "A_matrix": [
        [
          0.0,
          0.09674148739415572,
          -0.2352010642972081,
          0.0,
          1.226655161709071,
          -0.11645555921840216
        ],
        [
          -0.09674148739415572,
          0.0,
          0.0,
          -0.08690639698666852,
          0.0,
          0.0
        ],
        [
          0.2352010642972081,
          0.0,
          0.0,
          0.0,
          0.9175742642118906,
          -0.11494979136110747
        ],
        [
          0.0,
          0.08690639698666852,
          0.0,
          0.0,
          -0.08872737398002814,
          0.0
        ],
        [
          -1.226655161709071,
          0.0,
          -0.9175742642118906,
          0.08872737398002814,
          0.0,
          -0.019215443223212718
        ],
        [
          0.11645555921840216,
          0.0,
          0.11494979136110747,
          0.0,
          0.019215443223212718,
          0.0
        ]
      ],
      "frobenius_norm": 2.215343641928704
    },
    {
      "n": 3,
      "gamma": 25.01085758014569,
      "rank": 6,
      "max_abs_entry": 0.7653801977221009,
      "max_entry_idx": [
        1,
        3
      ],
      "A_matrix": [
        [
          0.0,
          0.02181899793488179,
          0.006382479411496944,
          0.0,
          0.003680156000365392,
          -0.20342812110780628
        ],
        [
          -0.02181899793488179,
          0.0,
          0.0,
          -0.7653801977221009,
          0.0,
          0.0
        ],
        [
          -0.006382479411496944,
          0.0,
          0.0,
          0.0,
          -0.020116683918401768,
          0.5983458823855925
        ],
        [
          0.0,
          0.7653801977221009,
          0.0,
          0.0,
          0.30305086480021926,
          0.0
        ],
        [
          -0.003680156000365392,
          0.0,
          0.020116683918401768,
          -0.30305086480021926,
          0.0,
          -0.6528764874812654
        ],
        [
          0.20342812110780628,
          0.0,
          -0.5983458823855925,
          0.0,
          0.6528764874812654,
          0.0
        ]
      ],
      "frobenius_norm": 1.7344913988179842
    },
    {
      "n": 4,
      "gamma": 30.424876125859512,
      "rank": 6,
      "max_abs_entry": 0.8438992256517222,
      "max_entry_idx": [
        1,
        3
      ],
      "A_matrix": [
        [
          0.0,
          0.5188552403372328,
          -0.4550512751974456,
          -0.0,
          -0.49189975791414026,
          -0.10023638066482238
        ],
        [
          -0.5188552403372328,
          0.0,
          -0.0,
          0.8438992256517222,
          -0.0,
          -0.0
        ],
        [
          0.4550512751974456,
          -0.0,
          0.0,
          -0.0,
          0.32485593196364715,
          0.41277472081766553
        ],
        [
          -0.0,
          -0.8438992256517222,
          -0.0,
          0.0,
          -0.19025798882537992,
          -0.0
        ],
        [
          0.49189975791414026,
          -0.0,
          -0.32485593196364715,
          0.19025798882537992,
          0.0,
          0.4256428058822298
        ],
        [
          0.10023638066482238,
          -0.0,
          -0.41277472081766553,
          -0.0,
          -0.4256428058822298,
          0.0
        ]
      ],
      "frobenius_norm": 1.9665936426083683
    },
    {
      "n": 5,
      "gamma": 32.93506158773919,
      "rank": 6,
      "max_abs_entry": 1.0627811354684777,
      "max_entry_idx": [
        0,
        5
      ],
      "A_matrix": [
        [
          -2.0816681711721685e-17,
          0.25555353993488317,
          0.06110903772327353,
          0.0,
          0.1384241000278627,
          1.0627811354684777
        ],
        [
          -0.25555353993488317,
          -2.0816681711721685e-17,
          0.0,
          0.3121662953035358,
          0.0,
          0.0
        ],
        [
          -0.06110903772327353,
          0.0,
          -2.0816681711721685e-17,
          0.0,
          -0.35536284539639046,
          -0.058351325396430134
        ],
        [
          0.0,
          -0.3121662953035358,
          0.0,
          -2.0816681711721685e-17,
          -0.07320460931546864,
          0.0
        ],
        [
          -0.1384241000278627,
          0.0,
          0.35536284539639046,
          0.07320460931546864,
          -2.0816681711721685e-17,
          -0.119469639883453
        ],
        [
          -1.0627811354684777,
          0.0,
          0.058351325396430134,
          0.0,
          0.119469639883453,
          -2.0816681711721685e-17
        ]
      ],
      "frobenius_norm": 1.7114170937016437
    }
  ]
}