{
  "phase": 34,
  "track": "P2",
  "c1": 0.11797805192095003,
  "c1_squared": 0.01391882073506238,
  "N_zeros": 500,
  "ratio_48p": 0.12722697450314271,
  "results": [
    {
      "N_primes": 6,
      "p_max": 13,
      "ratio": 0.17334867629974177,
      "fraction_of_48prime": 1.3625151189574172,
      "vs_c1": 0.05537062437879174,
      "vs_c1_squared": 0.1594298555646794
    },
    {
      "N_primes": 12,
      "p_max": 37,
      "ratio": 0.16700205819836866,
      "fraction_of_48prime": 1.312630901194962,
      "vs_c1": 0.04902400627741864,
      "vs_c1_squared": 0.1530832374633063
    },
    {
      "N_primes": 24,
      "p_max": 89,
      "ratio": 0.15085620087093277,
      "fraction_of_48prime": 1.1857249727117136,
      "vs_c1": 0.03287814894998274,
      "vs_c1_squared": 0.1369373801358704
    },
    {
      "N_primes": 48,
      "p_max": 223,
      "ratio": 0.12722697450314271,
      "fraction_of_48prime": 1.0,
      "vs_c1": 0.00924892258219269,
      "vs_c1_squared": 0.11330815376808033
    }
  ],
  "fraction_6p_of_48p": 1.3625151189574172
}