{
  "phase": 32,
  "regime1": {
    "description": "Regime 1: 9 points (p_max 13\u2192151), power-law y=a*N^(-b)+c",
    "x_variable": "N_primes",
    "data_N_primes": [
      6,
      9,
      10,
      12,
      16,
      20,
      25,
      31,
      36
    ],
    "data_ratios": [
      0.2479,
      0.2466,
      0.2416,
      0.2344,
      0.2189,
      0.2106,
      0.197,
      0.1833,
      0.1736
    ],
    "fits": {
      "c1=sin(\u03b8W)": {
        "sse": 0.00018822056073325194,
        "r2": 0.8684711149915173,
        "a": 0.146327738098459,
        "b": 0.47728138578818796,
        "c_fixed": 0.11797805192095003
      },
      "1/4": {
        "sse": 0.07656332022405217,
        "r2": -52.50259345942927,
        "a": 0.0010000000529624957,
        "b": 2.999999999956913,
        "c_fixed": 0.25
      },
      "1/2\u03c0": {
        "sse": 0.0010313760374228533,
        "r2": 0.27927246790563076,
        "a": 0.9788311625935486,
        "b": 2.2485675648237753,
        "c_fixed": 0.15915494309189535
      },
      "free": {
        "a": 0.7198661725808969,
        "b": 0.03234788728522678,
        "c": -0.4999999481955786,
        "R2": 0.9374372157291835,
        "sse": 8.952864107170919e-05
      }
    }
  },
  "regime2_updated": {
    "description": "Regime 2: 10 points (Track A2 full dataset)",
    "data_N_primes": [
      46,
      53,
      62,
      78,
      95,
      109,
      125,
      139,
      154,
      168
    ],
    "data_ratios": [
      0.12863122838690097,
      0.12468820948667372,
      0.11809891952958154,
      0.10981069185703347,
      0.10272668510311175,
      0.09811720207202582,
      0.09384678294080528,
      0.08966817066900039,
      0.0862970115673228,
      0.08250806301612244
    ],
    "log_decay_fit": {
      "slope": -0.03555994143156067,
      "intercept": 0.26506529518748595,
      "R2": 0.9993559966550207,
      "formula": "ratio = -0.035560\u00b7log(N) + 0.265065"
    }
  }
}