{
  "phase": 39,
  "track": "F1",
  "N_zeros": 1000,
  "rho_100": 0.2857245724572457,
  "p_100": 0.0039559562139169935,
  "rho_500": 0.16085757143028573,
  "p_500": 0.0003045175559168135,
  "rho_1000": 0.12269281469281469,
  "p_1000": 0.00010035192150859927,
  "gate_f1_pass": false,
  "f5d_mean": -0.6127689667699049,
  "f5d_range": [
    -3.5374880046082895,
    2.3421438762897226
  ],
  "f5d_positive_count": 277,
  "f5d_first20": [
    -2.6113249560201064,
    -1.6689217065966555,
    -1.550697336629242,
    -2.2069741789159023,
    -2.053985699080348,
    -2.0392978459942963,
    -1.930814452329378,
    -1.505802198569841,
    -1.2440317135292056,
    -0.8849435042972607,
    -1.3890056121582424,
    -0.9347324310190027,
    -1.5689304038038248,
    -0.25871925456294637,
    -0.41472722797123546,
    -1.1848021735047438,
    -1.5700228026174727,
    -2.397192395142431,
    -0.3438113327507011,
    -1.8865043155760777
  ]
}