{
  "6": {
    "max_eval_max": 54.08195253520285,
    "above_14": 1.0
  },
  "12": {
    "max_eval_max": 86.16981303964093,
    "above_14": 1.3
  },
  "18": {
    "max_eval_max": 120.5715260234946,
    "above_14": 1.7
  },
  "24": {
    "max_eval_max": 153.6690559108028,
    "above_14": 2.2
  },
  "30": {
    "max_eval_max": 188.49773240844655,
    "above_14": 3.2
  },
  "36": {
    "max_eval_max": 225.65566032440466,
    "above_14": 3.7
  },
  "42": {
    "max_eval_max": 262.12317083348717,
    "above_14": 5.1
  },
  "60": {
    "max_eval_max": 374.125725233171,
    "above_14": 8.5
  }
}