{
  "track": "F",
  "candidates": {
    "6basis": [
      {
        "N_zeros": 1,
        "rank": 6,
        "rank_threshold": 3,
        "gate_G1_pass": true,
        "min_eigenvalue": -0.6554029221589087,
        "max_eigenvalue": 0.655402922158909,
        "gamma_ref": 14.134725141734695,
        "scale_ok": false,
        "n_positive_eigenvalues": 3,
        "positive_eigenvalues": [
          0.014087348483965168,
          0.23648182075859878,
          0.655402922158909
        ],
        "all_eigenvalues": [
          -0.6554029221589087,
          -0.2364818207585988,
          -0.014087348483965156,
          0.014087348483965168,
          0.23648182075859878,
          0.655402922158909
        ],
        "spearman_rho": null,
        "spearman_p": null,
        "spearman_note": "n_pos=3 < 10, G4 not testable",
        "gate_G4_pass": false
      },
      {
        "N_zeros": 4,
        "rank": 6,
        "rank_threshold": 3,
        "gate_G1_pass": true,
        "min_eigenvalue": -1.8615694642639307,
        "max_eigenvalue": 1.8615694642639302,
        "gamma_ref": 30.424876125859512,
        "scale_ok": false,
        "n_positive_eigenvalues": 3,
        "positive_eigenvalues": [
          0.14199873451237655,
          0.8424158255579431,
          1.8615694642639302
        ],
        "all_eigenvalues": [
          -1.8615694642639307,
          -0.8424158255579434,
          -0.14199873451237618,
          0.14199873451237655,
          0.8424158255579431,
          1.8615694642639302
        ],
        "spearman_rho": null,
        "spearman_p": null,
        "spearman_note": "n_pos=3 < 10, G4 not testable",
        "gate_G4_pass": false
      },
      {
        "N_zeros": 16,
        "rank": 6,
        "rank_threshold": 3,
        "gate_G1_pass": true,
        "min_eigenvalue": -2.5345843736604188,
        "max_eigenvalue": 2.534584373660419,
        "gamma_ref": 67.07981052949417,
        "scale_ok": false,
        "n_positive_eigenvalues": 3,
        "positive_eigenvalues": [
          0.1389189266998685,
          1.5381022686411685,
          2.534584373660419
        ],
        "all_eigenvalues": [
          -2.5345843736604188,
          -1.5381022686411703,
          -0.13891892669986813,
          0.1389189266998685,
          1.5381022686411685,
          2.534584373660419
        ],
        "spearman_rho": null,
        "spearman_p": null,
        "spearman_note": "n_pos=3 < 10, G4 not testable",
        "gate_G4_pass": false
      },
      {
        "N_zeros": 60,
        "rank": 6,
        "rank_threshold": 3,
        "gate_G1_pass": true,
        "min_eigenvalue": -4.1418502491403615,
        "max_eigenvalue": 4.1418502491403615,
        "gamma_ref": 163.030709687182,
        "scale_ok": false,
        "n_positive_eigenvalues": 3,
        "positive_eigenvalues": [
          1.8094633920973948,
          2.9300648035446493,
          4.1418502491403615
        ],
        "all_eigenvalues": [
          -4.1418502491403615,
          -2.93006480354465,
          -1.8094633920973955,
          1.8094633920973948,
          2.9300648035446493,
          4.1418502491403615
        ],
        "spearman_rho": null,
        "spearman_p": null,
        "spearman_note": "n_pos=3 < 10, G4 not testable",
        "gate_G4_pass": false
      }
    ],
    "60basis": [
      {
        "N_zeros": 1,
        "rank": 12,
        "rank_threshold": 30,
        "gate_G1_pass": false,
        "min_eigenvalue": -7.6404622695448285,
        "max_eigenvalue": 7.640462269544836,
        "gamma_ref": 14.134725141734695,
        "scale_ok": true,
        "n_positive_eigenvalues": 6,
        "positive_eigenvalues": [
          0.8683139630297336,
          1.059931635912439,
          2.1488856970291184,
          2.444880866620126,
          4.778869037583426,
          7.640462269544836
        ],
        "all_eigenvalues": [
          -7.6404622695448285,
          -4.778869037583433,
          -2.4448808666201254,
          -2.1488856970291184,
          -1.0599316359124364,
          -0.8683139630297341,
          -4.423208048529074e-15,
          -3.1639324140840162e-15,
          -2.7038826221417944e-15,
          -2.6498209689192467e-15,
          -2.3527328533111862e-15,
          -2.0558053881406136e-15,
          -1.6651521598514777e-15,
          -1.4312598457707005e-15,
          -1.2769114824649004e-15,
          -1.044617836134952e-15,
          -8.88040026412814e-16,
          -7.784592997521047e-16,
          -6.851827838049865e-16,
          -5.776102714608707e-16,
          -5.048710101945833e-16,
          -3.8794671941438765e-16,
          -3.2731147043787477e-16,
          -2.6713126665713903e-16,
          -1.969128310879178e-16,
          -1.539965183524722e-16,
          -1.1774353141657476e-16,
          -8.11589140165405e-17,
          -4.6953358749368834e-17,
          -1.1558713572903904e-17,
          2.0727100692157927e-17,
          6.395828545367691e-17,
          8.852633273251357e-17,
          1.2005972149369656e-16,
          1.6790496240456434e-16,
          2.4103540352815043e-16,
          3.1016350346556866e-16,
          3.5016872127550965e-16,
          4.4278520125836993e-16,
          5.029853129763187e-16,
          5.87468220289929e-16,
          6.854612327953399e-16,
          7.204603620774666e-16,
          9.339507979769482e-16,
          1.0304793354713342e-15,
          1.3458465448056053e-15,
          1.436042205396317e-15,
          1.7026674080434054e-15,
          2.2568816644891106e-15,
          2.4710092231644966e-15,
          2.6659581734712873e-15,
          2.7701909661036653e-15,
          3.1741842603780267e-15,
          4.113475063807252e-15,
          0.8683139630297336,
          1.059931635912439,
          2.1488856970291184,
          2.444880866620126,
          4.778869037583426,
          7.640462269544836
        ],
        "spearman_rho": null,
        "spearman_p": null,
        "spearman_note": "n_pos=6 < 10, G4 not testable",
        "gate_G4_pass": false
      },
      {
        "N_zeros": 4,
        "rank": 12,
        "rank_threshold": 30,
        "gate_G1_pass": false,
        "min_eigenvalue": -12.08899828511583,
        "max_eigenvalue": 12.088998285115832,
        "gamma_ref": 30.424876125859512,
        "scale_ok": true,
        "n_positive_eigenvalues": 6,
        "positive_eigenvalues": [
          2.8210382507822094,
          3.886685623944206,
          5.158451826201598,
          7.442566857970611,
          8.779061431856533,
          12.088998285115832
        ],