{
  "track": "V1",
  "gamma_1": 14.134725141734695,
  "F_norm_sq_at_gamma1": 0.9117314818373538,
  "M_tilde_eigenvalues_at_gamma1": [
    -0.2622932715565949,
    -0.04471564601552944,
    1.1208935138185048,
    1.454744943759666,
    3.0956508728664014,
    21.95475838323018
  ],
  "lambda_max_at_gamma1": 21.95475838323018,
  "phase39_baseline": 21.955,
  "match": true
}