{
  "phase": 38,
  "track": "E1",
  "column_cs_norm_sq": [
    0.15396550478845084,
    -0.9582408877419473,
    0.027194356955390075,
    -0.8108763215184545,
    -0.10289112599500605,
    0.027194356955389853
  ],
  "column_cs_scalar": [
    0.5726790998308535,
    0.5980035152165943,
    0.7382407919690865,
    0.5508792093036501,
    0.6895020798841142,
    0.6130889887176434
  ],
  "row_cs_b3_column": [
    -2.084737276383677,
    -3.7790816909211076,
    -0.8204664290350714,
    -5.486001921418509,
    -0.29098585756847095,
    -0.8204664290350714
  ],
  "basis_labels": [
    "e1+e14",
    "e1-e14",
    "e2-e13",
    "e3+e12",
    "e4+e11",
    "e5+e10"
  ],
  "b3_index": 3,
  "b5_index": 5,
  "spearman_b3_vs_gamma": -0.08465646564656465,
  "p_b3": 0.40235318558638955,
  "spearman_b5_vs_gamma": -0.0506090609060906,
  "p_b5": 0.6170409801184495,
  "max_col_cs": 0.15396550478845084,
  "max_col_index": 0
}