{
  "phase": 35,
  "track": "W3",
  "c1": 0.11797805192095003,
  "W_vals": [
    4.014042,
    9.58132,
    19.397144,
    28.848057,
    38.761427,
    56.574158
  ],
  "b_vals": [
    0.2103,
    0.1873,
    0.1498,
    0.1212,
    0.0848,
    0.0553
  ],
  "b_vs_W_models": {
    "power_law": {
      "a": 0.49572592181143266,
      "b_exp": 0.4751100562726041,
      "R2": 0.7744447292520225,
      "formula": "0.49573 * W^(-0.47511)"
    },
    "log_decay": {
      "a": -0.05905893631092021,
      "b0": 0.30870954309171456,
      "R2": 0.9385739868583143,
      "formula": "-0.05906*log(W)+0.30871"
    },
    "inv_sqrt": {
      "a": 0.3949071199683395,
      "c": 0.03414800112839414,
      "R2": 0.8248672711548217,
      "formula": "0.39491/sqrt(W)+0.03415"
    },
    "inv_log": {
      "a": 0.28919173849089785,
      "c": 0.023061400453624262,
      "R2": 0.7396765347370597,
      "formula": "0.28919/log(W)+0.02306"
    },
    "inv_W": {
      "a": 0.5633209170082569,
      "c": 0.08941831897588517,
      "R2": 0.6976138655659939,
      "formula": "0.56332/W+0.08942"
    }
  },
  "b_vs_logW_models": {
    "power_law": {
      "a": 0.3734533302458487,
      "b_exp": 1.0912490435511026,
      "R2": 0.6513832246980295,
      "formula": "0.37345 * log(W)^(-1.09125)"
    },
    "log_decay": {
      "a": -0.13905037042348187,
      "b0": 0.2769811765010739,
      "R2": 0.8505161407719741,
      "formula": "-0.13905*log(log(W))+0.27698"
    },
    "inv_sqrt": {
      "a": 0.4069803348855048,
      "c": -0.11349279317194756,
      "R2": 0.7962228359351765,
      "formula": "0.40698/sqrt(log(W))+-0.11349"
    },
    "inv_log": {
      "a": 0.05022091582203061,
      "c": 0.07202995775262716,
      "R2": 0.57055110390555,
      "formula": "0.05022/log(log(W))+0.07203"
    },
    "inv_W": {
      "a": 0.28919173849089785,
      "c": 0.023061400453624262,
      "R2": 0.7396765347370597,
      "formula": "0.28919/log(W)+0.02306"
    }
  },
  "optimal_gamma": 0.46174164054839545,
  "optimal_CV": 0.1789744167486018,
  "optimal_const": 0.4846853408024063
}