{
  "phase": "43b",
  "n_zeros": 50,
  "rank": 6,
  "phase_42_ceiling": 12,
  "ceiling_exceeded": false,
  "eigenvalues": [
    1740.2435098469775,
    56.80929086743261,
    11.357386663755403,
    3.6539252515849685,
    1.7956951835578272,
    0.29921960661792923,
    3.3741923490351364e-13,
    3.100994138671685e-13,
    2.317249207264774e-13,
    2.2083477908817542e-13,
    1.5741907346936096e-13,
    1.4203875851976142e-13,
    1.2906955073663502e-13,
    1.194342547066819e-13,
    1.0332507679785132e-13,
    8.264273610007837e-14,
    8.071236477188567e-14,
    5.43187781680537e-14,
    4.123015949974541e-14,
    3.911292959124702e-14,
    2.450159553820465e-14,
    1.8700481753504573e-14,
    1.296603008109954e-14,
    6.64380298029835e-15,
    4.1389053965871945e-15,
    1.8772896534890176e-15,
    9.563611434964175e-16,
    -1.2135217089269664e-16,
    -1.2965939407164546e-15,
    -5.3984401372029834e-15,
    -9.75808704198676e-15,
    -1.4233278607698077e-14,
    -1.873466725093463e-14,
    -2.173173682187093e-14,
    -4.050244640161987e-14,
    -4.254686532566516e-14,
    -4.6124252301307033e-14,
    -6.378467753966219e-14,
    -6.913703591836775e-14,
    -8.470958312653346e-14,
    -9.55169930027591e-14,
    -1.146734627554948e-13,
    -1.2185679908314798e-13,
    -1.247201150344983e-13,
    -1.494382665373275e-13,
    -1.9423534433664137e-13,
    -2.1965780658530955e-13,
    -2.209992973420704e-13,
    -2.688713236278778e-13,
    -3.582523803440799e-13
  ],
  "geometric_phases": [
    74.4001204285305,
    87.06291547718403,
    82.46134727396549,
    87.50352229968301,
    80.294351497909,
    87.27477526057949,
    76.69698035305757,
    79.85162332200787,
    87.17753084970296,
    81.74930189584492,
    45.716805010936994,
    84.6617709112985,
    82.76993034394147,
    73.70233767246764,
    70.94555305800985,
    88.02700492926549,
    44.63123254495569,
    80.98780324616159,
    72.44590822966964,
    86.0323889850892,
    85.89414291321903,
    80.54522599717984,
    82.14493244581982,
    83.63637682940994,
    53.71084642905682,
    84.53596398277989,
    83.38147836047634,
    71.74020262807701,
    77.77439633446951,
    86.29864666803809,
    78.43064036851545,
    85.64722946694167,
    86.4641504589233,
    76.2378617663991,
    67.85527391172926,
    83.49402877099479,
    72.81272706259007,
    66.88335613461994,
    86.67986706461038,
    87.836634494892,
    87.44958881471183,
    85.91368678390798,
    83.98266029150156,
    82.40081713595086,
    87.04038192340526,
    85.65894245252903,
    79.67352021867941,
    77.93181381980668,
    76.1201653878316,
    84.17841423376305
  ],
  "mean_phase": 79.3349435348218,
  "std_dev_phase": 9.66991187243729
}