{
  "phase": 34,
  "track": "P1",
  "c1": 0.11797805192095003,
  "prime_set": [
    2,
    3,
    5,
    7,
    11,
    13
  ],
  "sums": {
    "W": 4.01404217570038,
    "A": 1.7279467092133718,
    "B": 0.434439327170149,
    "C": 7.184501761346774,
    "D": 0.8259631744249535,
    "E": 2.688496561575737,
    "F": 1.3440226440226437,
    "G": 2.7303315366329564,
    "mertens": 5.213541666666665
  },
  "threshold": 0.005,
  "close_matches": [
    {
      "expression": "D/C",
      "value": 0.11496457261221718,
      "diff_from_c1": 0.0030134793087328443
    }
  ]
}