{
  "phase": 38,
  "track": "W2",
  "fit_f5d_vs_gamma_linear": {
    "c": -0.005404393821970748,
    "R_sq": -0.5200345316388366
  },
  "fit_f5d_vs_log_gamma": {
    "c": -0.19731305298930854,
    "R_sq": -0.13217493358870525
  },
  "det5D_at_test_points": {
    "Weil_RHS": {
      "E": -4.01404217570038,
      "log_abs_det5D": 106.77239057185756,
      "min_diff_to_f5d": 1.3755529340967096
    },
    "0": {
      "E": 0.0,
      "log_abs_det5D": -29.704290608645866,
      "min_diff_to_f5d": 0.011398403190372552
    },
    "0.5*Weil_RHS": {
      "E": -2.00702108785019,
      "log_abs_det5D": -18.66825057282722,
      "min_diff_to_f5d": 0.03227675814410613
    },
    "2*Weil_RHS": {
      "E": -8.02808435140076,
      "log_abs_det5D": 194.43666185737348,
      "min_diff_to_f5d": 5.3895951097970904
    }
  },
  "f5d_mean": -0.9952071140320379,
  "f5d_std": 0.7743044014650973,
  "f5d_range": [
    -2.6384892416036707,
    0.7308166805030227
  ],
  "cs_f5d_sequence": 0.10342632530059659,
  "f5d_first20": [
    -2.6113249560201064,
    -1.6689217065966555,
    -1.550697336629242,
    -2.2069741789159023,
    -2.053985699080348,
    -2.0392978459942963,
    -1.930814452329378,
    -1.505802198569841,
    -1.2440317135292056,
    -0.8849435042972607,
    -1.3890056121582424,
    -0.9347324310190027,
    -1.5689304038038248,
    -0.25871925456294637,
    -0.41472722797123546,
    -1.1848021735047438,
    -1.5700228026174727,
    -2.397192395142431,
    -0.3438113327507011,
    -1.8865043155760777
  ],
  "gammas_first20": [
    14.134725141734695,
    21.022039638771556,
    25.01085758014569,
    30.424876125859512,
    32.93506158773919,
    37.586178158825675,
    40.9187190121475,
    43.327073280915,
    48.00515088116716,
    49.7738324776723,
    52.970321477714464,
    56.44624769706339,
    59.34704400260235,
    60.83177852460981,
    65.1125440480816,
    67.07981052949417,
    69.54640171117398,
    72.0671576744819,
    75.70469069908393,
    77.1448400688748
  ],
  "weil_rhs": -4.01404217570038
}