{
  "phase": 37,
  "track": "E2",
  "c1": 0.11797805192095003,
  "description": "Primary decision gate: eigenvalue-zero matching",
  "E2a_direct_match": {
    "tolerance": 1e-06,
    "matches": 0,
    "pass": false
  },
  "E2b_scaled_match": {
    "best_c_mean": 174.54389206123903,
    "best_c_std": 101.46273116923427,
    "best_c_CV": 0.5813021009846389,
    "mean_relative_residual_fixed_c": 0.8840845871081403,
    "pass": false
  },
  "E2c_rank_correlation": {
    "spearman_rho_gamma_vs_max_eigenval": -0.05801380138013801,
    "p_value": 0.5664230090392788,
    "spearman_rho_gamma_vs_sumsq": -0.028610861086108608,
    "spearman_rho_gamma_vs_frobA": -0.028610861086108608,
    "pass": false
  },
  "per_zero_c_values": [
    21.5664664648956,
    13.454051250869618,
    25.480525836582697,
    27.79687404802468,
    29.4946397691854,
    34.24124267562215,
    45.61942957914925,
    58.21035503398422,
    95.43799256528645,
    63.9847056297207,
    64.408824001756,
    35.106472192371704,
    50.19156026179317,
    74.34488786021267,
    86.72969523591092,
    87.62459857535788,
    53.614144785432146,
    72.76791440386896,
    62.41241209431374,
    85.69474546009809,
    105.14296213247269,
    119.8507183545482,
    152.20870257010014,
    78.87353214495347,
    124.13285787544297,
    93.91311377836092,
    107.68744930023718,
    98.20980406673999,
    119.76087664308179,
    126.18214079242559,
    131.5339966933333,
    145.52793549078814,
    106.36755297620037,
    158.8863186553943,
    152.9166310813526,
    150.94974960746353,
    112.22455023536354,
    145.0679095452531,
    163.5488988494561,
    161.7214507537474,
    143.480277739605,
    114.27490242882561,
    103.36634895373571,
    207.501466996214,
    171.30103617308825,
    151.7386956244956,
    267.7685072941779,
    173.6690334181323,
    158.40867729756715,
    163.6741933179865,
    221.59121383309574,
    192.98579865911566,
    199.2219951710644,
    141.25004524453556,
    135.47576353445834,
    162.64985512207792,
    204.91916548802743,
    188.75297017262673,
    181.48399744326238,
    168.90265172126144,
    390.24583110927426,
    216.87339321717113,
    155.5683965528938,
    167.67567803925337,
    499.663625674026,
    171.1513084393202,
    337.72069571805827,
    149.10978648622174,
    268.8889557565934,
    180.66834229934406,
    157.46280417214808,
    192.13025050197692,
    122.55861300447842,
    336.3456116582949,
    174.76435774362787,
    308.9011083027352,
    536.5714577165875,
    231.03304460905267,
    230.6973003273738,
    273.163076523888,
    469.2493048521599,
    290.9142308549789,
    225.7213802340211,
    253.34455946042914,
    166.78670070179274,
    228.33044685142303,
    214.22118939794555,
    278.6332469386063,
    286.44443547171664,
    224.42449728213515,
    328.6191740053075,
    184.29036318277545,
    157.6682351493825,
    226.37455091358055,
    348.4952627789301,
    196.68342069676441,
    248.76659046763925,
    270.55559217378254,
    307.9084853192594,
    350.4586166344496
  ],
  "summary": "E2a: 0 direct matches (expect 0 \u2014 eigenvals O(1) vs gamma O(14-50)). E2b: CV=0.581 FAIL for scaled match. E2c: Spearman rho=-0.0580 (p=5.664e-01)."
}