{
  "phase": 33,
  "track": "N1",
  "c1": 0.11797805192095003,
  "formula": "Tr_BK = sum_p (log p/sqrt(p)) * cos(t*log p)",
  "N_zeros_tested": [
    50,
    100,
    200,
    300,
    500,
    750,
    1000
  ],
  "results": {
    "6_primes_pmax13": {
      "N_primes": 6,
      "Weil_RHS": -4.01404217570038,
      "N_zeros_list": [
        50,
        100,
        200,
        300,
        500,
        750,
        1000
      ],
      "ratios": [
        0.28286334840544625,
        0.2479314044223742,
        0.2097439287886218,
        0.1927455281687925,
        0.17334867629974177,
        0.16015279048577333,
        0.152656334923284
      ],
      "fits": {
        "log_decay": {
          "a": -0.04390619196861848,
          "b": 0.4490392927226426,
          "R2": 0.98767001995882
        },
        "inv_sqrt": {
          "a": 1.2047156275078124,
          "b": 0.11969920197346084,
          "R2": 0.9864492536376466,
          "asymptote_b": 0.11969920197346084
        },
        "power_simple": {
          "a": 0.6477825113592393,
          "b": 0.21117975074972034,
          "R2": 0.9985368028094946,
          "asymptote": 0.0
        }
      },
      "best_model": "power_simple"
    },
    "36_primes_pmax151": {
      "N_primes": 36,
      "Weil_RHS": -19.397143917363636,
      "N_zeros_list": [
        50,
        100,
        200,
        300,
        500,
        750,
        1000
      ],
      "ratios": [
        0.19153289740015442,
        0.17360755237469397,
        0.15814670746179313,
        0.14973518801593802,
        0.13635635552735936,
        0.12833417563578872,
        0.12348681150145771
      ],
      "fits": {
        "log_decay": {
          "a": -0.022823835179511268,
          "b": 0.2796147047925681,
          "R2": 0.998091731124898
        },
        "inv_sqrt": {
          "a": 0.6167037869135982,
          "b": 0.10907153062021671,
          "R2": 0.9667001284507999,
          "asymptote_b": 0.10907153062021671
        },
        "power_simple": {
          "a": 0.3415787647031901,
          "b": 0.14679196380114562,
          "R2": 0.9980025701486056,
          "asymptote": 0.0
        }
      },
      "best_model": "log_decay"
    },
    "62_primes_pmax300": {
      "N_primes": 62,
      "Weil_RHS": -28.848057212838388,
      "N_zeros_list": [
        50,
        100,
        200,
        300,
        500,
        750,
        1000
      ],
      "ratios": [
        0.15421035065077718,
        0.14242677891699052,
        0.13030671106817251,
        0.12417903055923663,
        0.11809891952958154,
        0.11188078934286326,
        0.10719732245932206
      ],
      "fits": {
        "log_decay": {
          "a": -0.015469881068224733,
          "b": 0.21366774146112122,
          "R2": 0.9967515695168745
        },
        "inv_sqrt": {
          "a": 0.4194816114247322,
          "b": 0.097972172522706,
          "R2": 0.9722639135688131,
          "asymptote_b": 0.097972172522706
        },
        "power_simple": {
          "a": 0.24649071398813044,
          "b": 0.11967649175770602,
          "R2": 0.998916097629332,
          "asymptote": 0.0
        }
      },
      "best_model": "power_simple"
    }
  }
}