{
  "phase": 38,
  "track": "M2",
  "n_zeros": 10,
  "total_variance_per_component": [
    10.457592548814446,
    11.132645658169144,
    10.410302631064779,
    10.26688401222882,
    9.730702088367073,
    10.158523322484884,
    10.873114109091585,
    9.723557620315624,
    8.843754843936965,
    10.873114109091585,
    9.822669990480714,
    10.140846909719174,
    9.85673919087672,
    10.074449299060609,
    11.132645658169144,
    10.635328469369552
  ],
  "mean_abs_per_component": [
    0.32773149587243894,
    0.3886837654271769,
    0.36560201233160594,
    0.3726901942461058,
    0.36069041600734075,
    0.36295333458658474,
    0.39603550243862934,
    0.31885576451682973,
    0.31015316545081384,
    0.39603550243862934,
    0.3582512360078861,
    0.3709336096661142,
    0.36244700058733215,
    0.36089991375290736,
    0.3886837654271769,
    0.33236695341678935
  ],
  "top5_components_by_variance": [
    1,
    14,
    6,
    9,
    15
  ],
  "correlation_with_gamma": {
    "1": {
      "spearman_rho": 0.1515151515151515,
      "p_value": 0.6760651759978538,
      "mean_diag_abs": 0.4688786258860307
    },
    "2": {
      "spearman_rho": -0.13939393939393938,
      "p_value": 0.7009318849100584,
      "mean_diag_abs": 0.5657479015694042
    },
    "3": {
      "spearman_rho": 0.4666666666666666,
      "p_value": 0.17393859716506632,
      "mean_diag_abs": 0.4164055998136327
    },
    "4": {
      "spearman_rho": -0.006060606060606061,
      "p_value": 0.9867429111949892,
      "mean_diag_abs": 0.44552001076588565
    },
    "5": {
      "spearman_rho": -0.7212121212121211,
      "p_value": 0.018573155089460204,
      "mean_diag_abs": 0.5465447776485716
    },
    "6": {
      "spearman_rho": 0.18787878787878787,
      "p_value": 0.603217610029209,
      "mean_diag_abs": 0.5550348036079408
    },
    "7": {
      "spearman_rho": -0.17575757575757575,
      "p_value": 0.6271883447764844,
      "mean_diag_abs": 0.37615893586281207
    },
    "8": {
      "spearman_rho": 0.06666666666666665,
      "p_value": 0.8548130882487426,
      "mean_diag_abs": 0.45332539084530277
    },
    "9": {
      "spearman_rho": -0.04242424242424241,
      "p_value": 0.907363817812816,
      "mean_diag_abs": 0.588293371648151
    },
    "10": {
      "spearman_rho": -0.7212121212121211,
      "p_value": 0.018573155089460204,
      "mean_diag_abs": 0.5465447776485716
    },
    "11": {
      "spearman_rho": -0.006060606060606061,
      "p_value": 0.9867429111949892,
      "mean_diag_abs": 0.44552001076588565
    },
    "12": {
      "spearman_rho": 0.4666666666666666,
      "p_value": 0.17393859716506632,
      "mean_diag_abs": 0.4164055998136327
    },
    "13": {
      "spearman_rho": -0.13939393939393938,
      "p_value": 0.7009318849100584,
      "mean_diag_abs": 0.5657479015694042
    },
    "14": {
      "spearman_rho": 0.12727272727272726,
      "p_value": 0.7260570147627894,
      "mean_diag_abs": 0.4805167761640563
    },
    "15": {
      "spearman_rho": 0.5878787878787878,
      "p_value": 0.07387770688865801,
      "mean_diag_abs": 0.49775963596244777
    }
  },
  "sample_product_P0_F_P0_gamma1": [
    -0.13079498854787908,
    -0.03928225578071112,
    0.06298045318219014,
    -0.18065008351464432,
    0.08360480627801825,
    0.07025602917794305,
    0.29483695932191334,
    -0.8756934903991056,
    -0.38921031964724745,
    0.5604151462894038,
    0.07025602917794305,
    0.08360480627801825,
    0.18065008351464432,
    -0.06298045318219014,
    0.07597093819837056,
    -0.047097125352938925
  ]
}