{
  "phase": 39,
  "track": "V1",
  "gamma_1": 14.134725141734695,
  "eigenvalues_gamma1": [
    -0.2622932715565949,
    -0.04471564601552944,
    1.1208935138185048,
    1.454744943759666,
    3.0956508728664014,
    21.95475838323018
  ],
  "lambda_max": 21.95475838323018
}