{
  "phase": 36,
  "track": "I1",
  "description": "Bilateral ZD inner product on (A1)^6 projection",
  "c1": 0.11797805192095003,
  "N_zeros": 100,
  "basis_labels": [
    "e1+e14",
    "e1-e14",
    "e2-e13",
    "e3+e12",
    "e4+e11",
    "e5+e10"
  ],
  "diagonal_mean": -0.41384284636566,
  "diagonal_min": -1.6921615909317411,
  "diagonal_max": -0.016525241075294878,
  "offdiag_mean": -0.005031138696390549,
  "offdiag_max_abs": 1.3273443493402655,
  "ip_matrix_10x10": [
    [
      -0.016525241075294878,
      0.018752351707063773,
      0.05110025409335708,
      -0.0513988864840543,
      -0.03808987484477123,
      0.023617239467362376,
      0.023543014624113238,
      0.009685032469150458,
      -0.06416806608818282,
      0.006840918200823757
    ],
    [
      0.018752351707063773,
      -0.7660233426751432,
      -0.009050422671759865,
      0.2855123436246974,
      -0.004693798335737784,
      -0.21363230092882005,
      -0.02073680684117372,
      -0.1554317230941884,
      -0.03235037682457586,
      0.03722293788615713
    ],
    [
      0.05110025409335708,
      -0.009050422671759865,
      -0.34835551513167445,
      0.24268666637526057,
      0.1403400723437068,
      0.046581930105848594,
      -0.2919884333961493,
      0.0008994764094657681,
      0.04946425455243912,
      -0.0435829288832547
    ],
    [
      -0.0513988864840543,
      0.2855123436246974,
      0.24268666637526057,
      -0.35753640998076536,
      0.16763626658363115,
      0.05420762054389737,
      0.14674119607891054,
      0.05273120331661246,
      -0.0831527521618107,
      0.06811772296414413
    ],
    [
      -0.03808987484477123,
      -0.004693798335737784,
      0.1403400723437068,
      0.16763626658363115,
      -1.1919714457880413,
      0.10045432214152143,
      0.28047567602062456,
      0.04725303835783815,
      -0.06039658527935865,
      -0.16121635304463644
    ],
    [
      0.023617239467362376,
      -0.21363230092882005,
      0.046581930105848594,
      0.05420762054389737,
      0.10045432214152143,
      -0.14760146291570708,
      0.08147506870241222,
      -0.06486203588804192,
      0.16778054106522156,
      0.025202056496011427
    ],
    [
      0.023543014624113238,
      -0.02073680684117372,
      -0.2919884333961493,
      0.14674119607891054,
      0.28047567602062456,
      0.08147506870241222,
      -0.491910582398026,
      0.01237897613858561,
      0.04321824999591726,
      -0.027394435209328015
    ],
    [
      0.009685032469150458,
      -0.1554317230941884,
      0.0008994764094657681,
      0.05273120331661246,
      0.04725303835783815,
      -0.06486203588804192,
      0.01237897613858561,
      -0.037654076591355785,
      0.029983586777387737,
      0.014303894356643825
    ],
    [
      -0.06416806608818282,
      -0.03235037682457586,
      0.04946425455243912,
      -0.0831527521618107,
      -0.06039658527935865,
      0.16778054106522156,
      0.04321824999591726,
      0.029983586777387737,
      -0.8666619882586045,
      0.03836030027046111
    ],
    [
      0.006840918200823757,
      0.03722293788615713,
      -0.0435829288832547,
      0.06811772296414413,
      -0.16121635304463644,
      0.025202056496011427,
      -0.027394435209328015,
      0.014303894356643825,
      0.03836030027046111,
      -0.043286601777218645
    ]
  ],
  "sample_projections": [
    {
      "n": 1,
      "t": 14.134725141734695,
      "coeffs": [
        -0.009172,
        -0.028813,
        0.015745,
        0.079718,
        0.020901,
        0.017564
      ],
      "proj_norm_sq": 0.008262620537647439
    },
    {
      "n": 2,
      "t": 21.022039638771556,
      "coeffs": [
        0.009608,
        -0.025991,
        -0.040357,
        0.032464,
        -0.058228,
        -0.613328
      ],
      "proj_norm_sq": 0.3830116713375716
    },
    {
      "n": 3,
      "t": 25.01085758014569,
      "coeffs": [
        0.326438,
        0.068861,
        -0.077534,
        -0.215669,
        -0.101714,
        -0.00184
      ],
      "proj_norm_sq": 0.17417775756583723
    },
    {
      "n": 4,
      "t": 30.424876125859512,
      "coeffs": [
        -0.212821,
        -0.183065,
        0.079756,
        0.174923,
        -0.050118,
        0.24595
      ],
      "proj_norm_sq": 0.17876820499038268
    },
    {
      "n": 5,
      "t": 32.93506158773919,
      "coeffs": [
        0.059735,
        0.463749,
        0.151254,
        0.259443,
        0.531391,
        -0.069212
      ],
      "proj_norm_sq": 0.5959857228940206
    }
  ]
}