{
  "phase": 35,
  "track": "C2",
  "c1": 0.11797805192095003,
  "a6": 0.6539863772014892,
  "b6": 0.22305966863203794,
  "W6": 4.01404217570038
}