{
  "phase": 39,
  "track": "K1",
  "n_zeros": 100,
  "k15_rho": -0.06568256825682568,
  "k15_p": 0.516164253745004,
  "gate_k1_pass": false,
  "all_k_rhos": {
    "0": {
      "rho": 0.0132013201320132,
      "p": 0.8962822973832768
    },
    "1": {
      "rho": 0.1071227122712271,
      "p": 0.2887739253840283
    },
    "2": {
      "rho": -0.09244524452445244,
      "p": 0.3603015193350798
    },
    "3": {
      "rho": -0.021626162616261626,
      "p": 0.8308842324984936
    },
    "4": {
      "rho": -0.030795079507950792,
      "p": 0.7610126738669981
    },
    "5": {
      "rho": -0.04351635163516351,
      "p": 0.6672711675557281
    },
    "6": {
      "rho": 0.0899129912991299,
      "p": 0.37366496543483574
    },
    "7": {
      "rho": -0.03443144314431443,
      "p": 0.7337914548022979
    },
    "8": {
      "rho": -0.09911791179117913,
      "p": 0.3265256012583113
    },
    "9": {
      "rho": 0.006816681668166816,
      "p": 0.9463344675615549
    },
    "10": {
      "rho": -0.04351635163516351,
      "p": 0.6672711675557281
    },
    "11": {
      "rho": -0.030795079507950792,
      "p": 0.7610126738669981
    },
    "12": {
      "rho": -0.021626162616261626,
      "p": 0.8308842324984936
    },
    "13": {
      "rho": -0.09244524452445244,
      "p": 0.3603015193350798
    },
    "14": {
      "rho": 0.04301230123012301,
      "p": 0.6709007981565831
    },
    "15": {
      "rho": -0.06568256825682568,
      "p": 0.516164253745004
    }
  },
  "best_k": 1,
  "best_rho": 0.1071227122712271
}