{
  "phase": 37,
  "track": "E3",
  "c1": 0.11797805192095003,
  "N_zeros": 100,
  "eigenvalue_trajectories": {
    "k0": {
      "mean": -0.8825449663090655,
      "std": 0.2412622534396072,
      "min": -1.6078587272385807,
      "max": -0.34705655486862064,
      "spearman_rho_vs_gamma": 0.05801380138013801,
      "spearman_p": 0.5664230090392788,
      "values_first_10": [
        -0.6554029221589087,
        -1.5625062850427884,
        -0.9815675602831285,
        -1.0945430796748739,
        -1.1166456632621147,
        -1.0976873273815184,
        -0.8969581467728331,
        -0.7443190005561707,
        -0.5029983300238448,
        -0.7779020312402983
      ]
    },
    "k1": {
      "mean": -0.4173973088005898,
      "std": 0.19119263123606542,
      "min": -0.8574451973442075,
      "max": -0.06362952506627279,
      "spearman_rho_vs_gamma": -0.06468646864686468,
      "spearman_p": 0.5225613453220239,
      "values_first_10": [
        -0.2364818207585988,
        -0.10858827966387241,
        -0.7353542841554777,
        -0.8574451973442075,
        -0.36294732290087744,
        -0.5484288219576067,
        -0.06362952506627279,
        -0.4867532325575197,
        -0.2452511826060503,
        -0.5307106619017243
      ]
    },
    "k2": {
      "mean": -0.08216302667817266,
      "std": 0.0853275544949707,
      "min": -0.3667600459657319,
      "max": -0.000747588783042805,
      "spearman_rho_vs_gamma": -0.1337053705370537,
      "spearman_p": 0.18477116940973592,
      "values_first_10": [
        -0.014087348483965156,
        -0.025620707218803416,
        -0.0030671910269110788,
        -0.022549010200496714,
        -0.2929947743972392,
        -0.09452313793616174,
        -0.0034227520082347764,
        -0.09535150549911077,
        -0.08620359031571027,
        -0.00489647447748642
      ]
    },
    "k3": {
      "mean": 0.08216302667817267,
      "std": 0.08532755449497073,
      "min": 0.0007475887830424679,
      "max": 0.3667600459657318,
      "spearman_rho_vs_gamma": 0.1337053705370537,
      "spearman_p": 0.18477116940973592,
      "values_first_10": [
        0.014087348483965168,
        0.025620707218802982,
        0.003067191026911093,
        0.022549010200496676,
        0.2929947743972393,
        0.09452313793616185,
        0.003422752008234739,
        0.09535150549911073,
        0.08620359031571038,
        0.004896474477486747
      ]
    },
    "k4": {
      "mean": 0.4173973088005898,
      "std": 0.19119263123606542,
      "min": 0.06362952506627279,
      "max": 0.8574451973442081,
      "spearman_rho_vs_gamma": 0.06468646864686468,
      "spearman_p": 0.5225613453220239,
      "values_first_10": [
        0.23648182075859878,
        0.10858827966387306,
        0.7353542841554775,
        0.8574451973442081,
        0.3629473229008774,
        0.5484288219576069,
        0.06362952506627279,
        0.48675323255751946,
        0.24525118260605033,
        0.5307106619017237
      ]
    },
    "k5": {
      "mean": 0.8825449663090655,
      "std": 0.2412622534396072,
      "min": 0.3470565548686207,
      "max": 1.6078587272385805,
      "spearman_rho_vs_gamma": -0.05801380138013801,
      "spearman_p": 0.5664230090392788,
      "values_first_10": [
        0.655402922158909,
        1.5625062850427875,
        0.9815675602831281,
        1.0945430796748739,
        1.1166456632621151,
        1.0976873273815184,
        0.8969581467728336,
        0.7443190005561708,
        0.5029983300238444,
        0.7779020312402986
      ]
    }
  },
  "sum_sq_pearson_r": -0.07122050884507533,
  "sum_sq_pearson_p": 0.48134197431549947,
  "max_eigenval_slope_vs_gamma": -0.00041325752412914155,
  "max_eigenval_R2_vs_gamma": 0.010897610408512106
}