{"Tr_zeros_n100": [-2.6113249560201064, -1.6689217065966555, -1.550697336629242, -2.2069741789159023, -2.053985699080348, -2.0392978459942963, -1.930814452329378, -1.505802198569841, -1.2440317135292056, -0.8849435042972607, -1.3890056121582424, -0.9347324310190027, -1.5689304038038248, -0.25871925456294637, -0.41472722797123546, -1.1848021735047438, -1.5700228026174727, -2.397192395142431, -0.3438113327507011, -1.8865043155760777, -1.199662116014466, -0.6560211236385246, -1.1727122592240355, -1.0994857468817647, -0.6761106915439865, -0.45243958717265575, -1.2621903169635105, -1.4736748582738954, -1.1271060822719838, -0.5794261339213169, -1.1871639886575307, 0.1140357443745792, 0.3314772833804683, -2.5900409516104057, -2.2797557828504167, -1.3473649016434759, -0.3518221088841175, -1.0757835237580227, -1.2644292650633486, -0.25547470036995834, -1.3621134812284792, -0.5410490448332841, 0.1502289696580974, -1.1508844286987248, -0.6129452292359271, -0.9885681692654665, -0.6953842391977108, -0.5864689325844841, -0.598461298978836, -1.1352320165425147, -1.3752272440182405, -0.04243072528489972, -1.8936749921854767, -2.333916963627587, -1.235002601241114, -0.5345881273880355, -1.110091137413756, -0.5210965214111232, 0.3326094386197699, -1.3636149840077283, -0.41061565956761287, 0.3057909348382599, -1.6450230708152236, -1.4770474781284448, -0.2826117860743668, -0.7240536319971336, 0.011398403190372552, 0.7308166805030227, -0.8956737415703738, -1.4327969331393082, -2.5255968973952214, -2.0903773675534194, -0.23922001007883664, -0.7379773991571423, -1.5177719374526806, -0.5715356088790843, -0.9707943893770504, -0.5933291447674719, -0.9372705721122067, -0.02585046866045826, -0.9704688691578003, -0.6398662649965503, -0.9750193883083611, -0.426692146308685, 0.33156448397184235, -0.6743741361681118, -0.5025585516514346, -0.9645605848918536, -0.039161036492756526, -0.2234357969873133, -1.321420259745866, -2.6384892416036707, -2.236407926034824, -0.08116311079086996, 0.352846052263754, -0.16541635968712298, -2.1385230531106476, -2.1270756434666622, 0.15077359926514333, -1.3534187101847985], "Tr_mid_n99": [-0.2544939996181008, 0.8198824786308982, -0.15334240671103178, 0.9701475693328934, 0.7930770185574585, 2.6838202693088276, 1.049258663530524, 0.23617319464526154, -0.9452513984620783, 1.5274687941203742, 1.4710814342686849, 1.2218656443852256, -2.139261458100619, 1.3693973117876101, 0.030118029723956274, 0.998266486054604, 2.1564943133394125, 2.6340505799547906, -1.2670620211848842, 1.301556321590981, 2.6050872307822073, 0.5224085423275202, 1.2832424799760358, -1.2494397636958658, 1.7685552023624966, 0.8609280733145386, -2.063574374337408, 2.0675717344183164, 0.7817889228596817, 1.2746797842440207, -0.6350584871801933, -1.0902740752805502, 0.7279147388738504, -3.605129364112961, 1.7720367638942225, 0.7058072136663587, 0.9855871442357174, 1.9997046493890056, -0.7508365517175865, -1.6684880062151408, 1.9056983419356073, 0.47235594981126205, -1.0719701024480606, 1.2824829630345067, -1.3315723940772128, 1.9390946269856943, 0.27492214804705073, -2.046933029688075, 1.06274417700859, 2.2247186821233726, -0.20462754348396073, 1.406381121550144, -3.21036121361886, 2.2105045502040768, 2.293385411145307, 0.09824925738102352, -1.9027406343160376, 0.7166925770071737, 0.29941988037438577, 1.827374203132179, -1.1429847782371487, 0.2316076017093595, -1.959707820474724, 2.0810036312156455, -0.4363828856170624, 0.07629109491442837, -0.6236430682593908, -0.43582101674748386, 1.4677821441178565, 2.988452812596897, -2.8908648580050063, -0.025387509111607365, 1.379867102010815, 1.8238506642492471, -2.377538256748566, 1.1056811092677319, 0.5590505614444581, -1.7389962915269164, 1.384179723577137, -1.066258968183538, 0.432203686824535, -1.7038036434964645, 1.989827379968298, -1.5113348076464226, 1.2741175030413414, 0.11717076120077174, -1.5363652802990007, 0.6801723309858243, 1.530901075462635, 0.338409309442505, -2.432987965213098, 2.9067651737033606, -2.1715365209360122, 0.5090948609217221, 0.4145348763032213, 1.185226971835733, -2.764689611712857, 0.9093306875084113, 1.9469027108859285], "VBK_zeros_n100": [0.2754186460870012, 0.4707518624899131, 0.06635619773587421, 0.017010624545350864, 0.0025577250762765054, 0.2574207363927142, 0.008020263286728179, 0.03146088252536695, 0.003262635059917365, 0.00031437749106271877, 0.21656328738108177, 0.15995301718580823, 0.2930761785682433, 0.27850469352617896, 0.2847183156296047, 0.08916579052206859, 0.1575266733394672, 0.037559492957903506, 0.04407962789871787, 1.2979833144218756e-05, 0.033734243057553064, 0.08750783274660355, 0.3751542554991859, 0.010495819245748151, 0.016830059566818014, 0.08868730853992879, 0.07986174377325159, 0.04650198402514169, 0.13337507499450152, 0.27012605962728586, 0.011517521847439314, 0.0287931473699, 0.17143543246436893, 0.03855910431904385, 0.08109587209595742, 0.003840327580544226, 0.05079144379939868, 0.05503585296550936, 0.08791987152897712, 0.04767079629582704, 0.0026241121209186523, 0.0012446013923622886, 0.005851216110530117, 0.003531610513911314, 0.1149575063060761, 6.65956679327775e-06, 0.2564273406759894, 0.023571523822855284, 0.030868013858511643, 0.2273234757626324, 0.26993982904822766, 0.14140203718213434, 0.09413827142335496, 0.2501959511469016, 0.1223500831141984, 0.09146627337779972, 0.017071149144297974, 0.011960338491936767, 0.0011974880807914703, 0.0009289015295953567, 0.18169741689586, 0.09065677871941802, 0.010302936264890143, 0.161204727940094, 0.7118257930734664, 2.4255588878815994e-05, 0.19357664135386812, 0.017764850747882314, 0.0565659539211149, 0.0010346450193641692, 0.15512876379337276, 0.00432985702606758, 0.14575657262260344, 0.31058988892878875, 0.21528634314378262, 0.6401283571278915, 0.09504040498293527, 0.015370077567858239, 0.0849030774613267, 0.399156791436708, 0.10147412718035556, 0.09648118180024527, 0.09261932954169275, 0.008651551048407369, 0.19010836432688077, 0.0020794188476461663, 0.029031041074397156, 0.025687140191271884, 3.026685932826297e-05, 0.015956922275963282, 0.13405442098418896, 0.09685234008530373, 0.07450788286229984, 0.07792644360288947, 0.08998211435089608, 0.5930400429269954, 0.0028672677115398016, 0.000834365412993508, 0.3174319105131, 0.080255612999094], "CN_zeros_n20": [8.37432862442689, 12.771446991527771, 13.244606613471053, 15.724672785076645, 10.265211528743224, 10.22116748908243, 6.078582703732263, 6.613760244932166, 13.97496486124194, 6.544277950500752, 14.926646522212614, 15.204644500158576, 10.54800304008592, 12.814125314992987, 15.287519876144463, 10.56497312101859, 10.130812434013924, 10.967724304535762, 12.836981964896923, 9.015619426867035], "weil_rhs": -4.01404217570038, "fraction_Tr_negative": 0.9, "vbk_sigma_scan": {"0.3": 0.09943080323547634, "0.4": 0.10122233857398405, "0.45": 0.10159688030849848, "0.5": 0.10158147638011976, "0.55": 0.10116177248512379, "0.6": 0.10033833738527118, "0.7": 0.09755120080562603}}