{
  "phase": 38,
  "track": "W1",
  "weil_rhs": -4.01404217570038,
  "N_vals": [
    10,
    20,
    50,
    100,
    200,
    500
  ],
  "SN_vals": [
    -17.696793591962237,
    -29.64524154106892,
    -56.77127052296461,
    -99.52071140320379,
    -168.38419525092505,
    -347.9144488844982
  ],
  "ratio_SN_over_RHS": [
    4.408721387904813,
    7.385383671484803,
    14.143167420272313,
    24.793140442237423,
    41.948785757724366,
    86.67433814987088
  ],
  "cs_ratio_sequence": -41.49299729005691,
  "per_zero_f5d_spearman": 0.2857245724572457,
  "p_f5d_gamma": 0.0039559562139169935,
  "per_zero_f5d_pearson": 0.28555030017477917,
  "f5d_first10": [
    -2.6113249560201064,
    -1.6689217065966555,
    -1.550697336629242,
    -2.2069741789159023,
    -2.053985699080348,
    -2.0392978459942963,
    -1.930814452329378,
    -1.505802198569841,
    -1.2440317135292056,
    -0.8849435042972607
  ],
  "gammas_first10": [
    14.134725141734695,
    21.022039638771556,
    25.01085758014569,
    30.424876125859512,
    32.93506158773919,
    37.586178158825675,
    40.9187190121475,
    43.327073280915,
    48.00515088116716,
    49.7738324776723
  ]
}