{
  "phase": 35,
  "track": "O2",
  "c1": 0.11797805192095003,
  "N_zeros": 100,
  "prime_set": [
    2,
    3,
    5,
    7,
    11,
    13
  ],
  "r_scalar_classical": 0.013386027304681311,
  "R2_scalar_classical": 0.00017918572700167362,
  "mean_scalar": -0.03372493906973775,
  "mean_classical": -0.9952071140320378,
  "ratio_scalar": 0.008401740089801955,
  "ratio_classical": 0.24793140442237419,
  "linear_fit": {
    "alpha": 0.004537969159314218,
    "beta": -0.029208719879130245,
    "R2": 0.00017918572700181823
  },
  "N_scan": [
    {
      "N": 10,
      "scalar_mean": -0.01858936959706662,
      "classical_mean": -1.7696793591962237,
      "ratio_sc_cl": 0.010504371597298725
    },
    {
      "N": 20,
      "scalar_mean": -0.09028637636826657,
      "classical_mean": -1.4822620770534454,
      "ratio_sc_cl": 0.06091120980963419
    },
    {
      "N": 50,
      "scalar_mean": -0.06182106267045051,
      "classical_mean": -1.1354254104592922,
      "ratio_sc_cl": 0.05444748910934026
    },
    {
      "N": 100,
      "scalar_mean": -0.03372493906973775,
      "classical_mean": -0.9952071140320378,
      "ratio_sc_cl": 0.033887357309075744
    }
  ]
}