{
  "track": "N2",
  "N_dim": 60,
  "n_zeros": 50,
  "mean_above_gamma1": 6.32,
  "eigenvalue_range": [
    -30.26002241739629,
    258.68958418183104
  ],
  "interval_counts": {
    "0-50": 1573,
    "50-100": 0,
    "100-150": 0,
    "150-200": 0,
    "200-300": 50,
    "300-500": 0
  },
  "zero_interval_counts": {
    "0-50": 10,
    "50-100": 19,
    "100-150": 21,
    "150-200": 0,
    "200-300": 0,
    "300-500": 0
  },
  "gate_N1_norm_pass": false
}