{
  "full_norm_sq": {
    "max_eigenvalue_range": [
      18.608246566945752,
      59.56699439619378
    ],
    "gamma_range": [
      14.134725141734695,
      143.11184580762063
    ],
    "scale_gap_factor_min": 0.23729122620693915,
    "E2b_c_mean": 2.8493918504398126,
    "E2b_c_std": 1.432150761460907,
    "E2b_cv": 0.5026162902936113,
    "E2c_spearman_rho": -0.06180072028811524,
    "E2c_p_value": 0.6698512773118431,
    "first5_max_eigenvalues": [
      21.95475838323018,
      54.08195253520285,
      29.847507832535968,
      36.440771981553326,
      40.68500471900152
    ],
    "first5_gammas": [
      14.134725141734695,
      21.022039638771556,
      25.01085758014569,
      30.424876125859512,
      32.93506158773919
    ],
    "eigenvalues_first3": [
      [
        -0.2622932715565949,
        -0.04471564601552944,
        1.1208935138185048,
        1.454744943759666,
        3.0956508728664014,
        21.95475838323018
      ],
      [
        -7.233819991335553,
        -2.485081531384369,
        -0.8917436401438744,
        3.0178655332346023,
        14.038677284482358,
        54.08195253520285
      ],
      [
        -1.611318244795031,
        0.1852047161189173,
        0.7976262303619535,
        1.8546354827147156,
        13.01510872489206,
        29.847507832535968
      ]
    ]
  },
  "nonscalar_norm": {
    "max_eigenvalue_range": [
      17.990110828505514,
      59.03792948951509
    ],
    "gamma_range": [
      14.134725141734695,
      143.11184580762063
    ],
    "scale_gap_factor_min": 0.23941769746930178,
    "E2b_c_mean": 3.0137681208040754,
    "E2b_c_std": 1.522163587441967,
    "E2b_cv": 0.5050699079781402,
    "E2c_spearman_rho": -0.023193277310924368,
    "E2c_p_value": 0.8729798568310736,
    "first5_max_eigenvalues": [
      21.022839570934536,
      48.95096720332758,
      27.624562628582645,
      33.46997649208325,
      38.40099485292886
    ],
    "first5_gammas": [
      14.134725141734695,
      21.022039638771556,
      25.01085758014569,
      30.424876125859512,
      32.93506158773919
    ],
    "eigenvalues_first3": [
      [
        -0.3724549324176024,
        0.10171842286861732,
        1.0992739343007634,
        1.2047652276071543,
        4.160252598633723,
        21.022839570934536
      ],
      [
        -9.50549966126433,
        -2.96098984407162,
        -1.0423132558348485,
        2.949338147788575,
        18.895154746610142,
        48.95096720332758
      ],
      [
        -1.2153128180114647,
        0.057667133760222276,
        2.6403783893524193,
        3.44470647305791,
        10.805158304513887,
        27.624562628582645
      ]
    ]
  },
  "component_scan": {
    "1": {
      "c_cv": 0.4426236702008529,
      "spearman_rho": -0.02895558223289316,
      "max_eval_range": [
        1.0818621394119348,
        3.318004554297242
      ],
      "c_mean": 39.08589213591037
    },
    "2": {
      "c_cv": 0.4454136120315488,
      "spearman_rho": 0.008115246098439374,
      "max_eval_range": [
        1.5140825980347534,
        3.525741607192616
      ],
      "c_mean": 38.74976129202924
    },
    "3": {
      "c_cv": 0.43051562642429236,
      "spearman_rho": 0.16715486194477788,
      "max_eval_range": [
        1.4196358405990817,
        3.2132865380847315
      ],
      "c_mean": 39.68938964518797
    },
    "4": {
      "c_cv": 0.4196298151352008,
      "spearman_rho": 0.0844657863145258,
      "max_eval_range": [
        1.4381890112707243,
        3.193891642995553
      ],
      "c_mean": 39.465778409966255
    },
    "5": {
      "c_cv": 0.4962737782096847,
      "spearman_rho": -0.08427370948379351,
      "max_eval_range": [
        1.3611903549942341,
        4.4117819052719485
      ],
      "c_mean": 39.69898063124372
    },
    "6": {
      "c_cv": 0.4610231068820787,
      "spearman_rho": 0.08043217286914765,
      "max_eval_range": [
        1.3269779969121367,
        4.239690101083871
      ],
      "c_mean": 39.06753844018977
    },
    "7": {
      "c_cv": 0.4998725920128938,
      "spearman_rho": -0.17637454981992798,
      "max_eval_range": [
        1.451491032755881,
        3.981932797078189
      ],
      "c_mean": 36.70130731318313
    },
    "8": {
      "c_cv": 0.5188172000028247,
      "spearman_rho": -0.1497719087635054,
      "max_eval_range": [
        1.1899054338788113,
        4.072732116968689
      ],
      "c_mean": 41.482874584855274
    },
    "9": {
      "c_cv": 0.46993657009981843,
      "spearman_rho": 0.16945978391356542,
      "max_eval_range": [
        1.1755471236733321,
        4.444903867656752
      ],
      "c_mean": 38.30134243093036
    },
    "10": {
      "c_cv": 0.47610409522914504,
      "spearman_rho": 0.030204081632653063,
      "max_eval_range": [
        1.446894351056837,
        4.212332764762502
      ],
      "c_mean": 37.960649880317064
    },
    "11": {
      "c_cv": 0.4575638928571089,
      "spearman_rho": -0.20307322929171667,
      "max_eval_range": [
        1.521233550849741,
        4.273438113196116
      ],
      "c_mean": 40.53240754941952
    },
    "12": {
      "c_cv": 0.41910437764033814,
      "spearman_rho": 0.22516206482593037,
      "max_eval_range": [
        1.2844032367543625,
        3.29765868865457
      ],
      "c_mean": 39.233042676833094
    },
    "13": {
      "c_cv": 0.4449008951296802,
      "spearman_rho": 0.024729891956782712,
      "max_eval_range": [
        1.391139082179842,
        3.509612583359513
      ],
      "c_mean": 40.07789273247893
    },
    "14": {
      "c_cv": 0.4531973454474016,
      "spearman_rho": 0.019735894357743092,
      "max_eval_range": [
        1.0154206496180944,
        3.3609664869157996
      ],
      "c_mean": 40.97166814411572
    },
    "15": {
      "c_cv": 0.4673112954101376,
      "spearman_rho": 0.23207683073229293,
      "max_eval_range": [
        0.8763561203883272,
        4.240460844971826
      ],
      "c_mean": 36.45023754131523
    }
  },
  "best_single_component": {
    "k": 12,
    "cv": 0.41910437764033814,
    "spearman_rho": 0.22516206482593037
  }
}