{
  "track": "G1",
  "sweep": [
    {
      "N_zeros": 4,
      "rank": 12,
      "expected_rank": 60,
      "rank_match": false,
      "is_psd": false,
      "min_eigenvalue": -29.302798221685347,
      "max_eigenvalue": 1229.0376789136808,
      "eigenvalues_all_sorted": [
        -29.302798221685347,
        -28.195182822963844,
        -21.541690569108876,
        -11.617889955305886,
        -11.005769180848501,
        -5.637755133222321,
        -4.530060703708597,
        -2.7574169146904652,
        -2.437788394672558,
        -1.6533285769743484,
        -0.7038131242603946,
        -1.4285073595825337e-13,
        -9.651139381838272e-14,
        -8.184569202445235e-14,
        -7.694171740283274e-14,
        -4.690635665546557e-14,
        -3.8838078310743084e-14,
        -3.723649562683523e-14,
        -3.1397210746842306e-14,
        -2.0575352211244855e-14,
        -1.7547456680936866e-14,
        -1.3780294702382386e-14,
        -1.0660544360164943e-14,
        -7.430195447988203e-15,
        -2.7867082974214975e-15,
        -8.216536939042105e-17,
        1.5601314320296331e-15,
        3.733144108039507e-15,
        7.088907107028033e-15,
        8.868105100031663e-15,
        1.0313542531267406e-14,
        1.5047340340613496e-14,
        2.3042572855884162e-14,
        2.899819899036157e-14,
        3.5040741669393393e-14,
        4.094548638524672e-14,
        4.2236864074514446e-14,
        5.980264104366401e-14,
        7.249626690781946e-14,
        7.506128445561682e-14,
        1.1756772054785527e-13,
        1.5460163661146404e-13,
        0.35307047264607866,
        1.1447098705722232,
        1.9241614549822716,
        3.3897226803105633,
        4.383261132220816,
        6.438670088200818,
        10.012792698075907,
        11.97190660089428,
        16.432576783964535,
        25.388154896599787,
        37.9774986445861,
        43.23475894910322,
        60.837965100174365,
        77.13263312394656,
        82.47798978243179,
        142.14942191838225,
        166.64869573313734,
        1229.0376789136808
      ],
      "top_N_eigenvalues": [
        1229.0376789136808,
        166.64869573313734,
        142.14942191838225,
        82.47798978243179
      ],
      "gammas_subset": [
        14.134725141734695,
        21.022039638771556,
        25.01085758014569,
        30.424876125859512
      ],
      "spearman_rho_top_N": -1.0,
      "spearman_p_top_N": 0.0,
      "spearman_rho_all_N": 1.0,
      "spearman_p_all_N": 0.0,
      "gate_G1_pass": false
    },
    {
      "N_zeros": 8,
      "rank": 12,
      "expected_rank": 60,
      "rank_match": false,
      "is_psd": false,
      "min_eigenvalue": -37.31318626602243,
      "max_eigenvalue": 2342.6164005759456,
      "eigenvalues_all_sorted": [
        -37.31318626602243,
        -30.36068345549096,
        -17.403590062952226,
        -16.169989057205125,
        -12.67667779864285,
        -8.432904278660624,
        -7.952328317901136,
        -6.973979467898113,
        -1.6117763923423807,
        -2.447657809857624e-13,
        -1.7687735344784072e-13,
        -1.3556048376494173e-13,
        -8.851300392212464e-14,
        -6.523525251938597e-14,
        -6.186986077493117e-14,
        -4.73740828189712e-14,
        -4.2467076966421464e-14,
        -3.222418730637243e-14,
        -2.8203650983462842e-14,
        -2.0444503089281194e-14,
        -1.4000581279513082e-14,
        -1.036336859402462e-14,
        -1.9968014745876282e-15,
        7.237464106959757e-15,
        9.884310769099668e-15,
        1.269093553274598e-14,
        2.0018114287364968e-14,
        2.4063400304116655e-14,
        2.926734777285405e-14,
        3.150094505534205e-14,
        3.7748184272956616e-14,
        4.8423231450580356e-14,
        5.827305352700341e-14,
        7.706514306058043e-14,
        9.301086698512774e-14,
        1.0259245016627263e-13,
        1.3448431127704627e-13,
        1.7483526934995125e-13,
        3.3955413468591077e-13,
        4.901844934219987e-13,
        0.2850692331260099,
        2.7574805247207865,
        3.3025385033602848,
        5.109781452786812,
        7.830140067159562,
        9.431366557759882,
        10.626226386284802,
        20.68691681176651,
        24.1451770301102,
        40.84578958925589,
        57.637749766590886,
        66.78023351533741,
        77.61991200507367,
        91.03466738958855,
        105.69908352210098,
        112.89596494312971,
        129.83545247484693,
        229.1817537902407,
        313.97766853680173,
        2342.6164005759456
      ],
      "top_N_eigenvalues": [
        2342.6164005759456,
        313.97766853680173,
        229.1817537902407,
        129.83545247484693,
        112.89596494312971,
        105.69908352210098,
        91.03466738958855,
        77.61991200507367
      ],
      "gammas_subset": [
        14.134725141734695,
        21.022039638771556,
        25.01085758014569,
        30.424876125859512,
        32.93506158773919,
        37.586178158825675,
        40.9187190121475,
        43.327073280915
      ],
      "spearman_rho_top_N": -1.0,
      "spearman_p_top_N": 0.0,
      "spearman_rho_all_N": 1.0,
      "spearman_p_all_N": 0.0,
      "gate_G1_pass": false
    },
    {
      "N_zeros": 16,
      "rank": 12,
      "expected_rank": 60,
      "rank_match": false,
      "is_psd": false,
      "min_eigenvalue": -111.9445247502549,
      "max_eigenvalue": 5140.462032197696,
      "eigenvalues_all_sorted": [
        -111.9445247502549,
        -53.72583301513126,
        -39.74673458957379,
        -32.37115593414155,
        -25.243623543642542,
        -20.96740820595156,
        -15.557902579430829,
        -13.275940107156257,
        -4.285135836169731,
        -4.519228410363015e-13,
        -3.5902613693656694e-13,
        -2.689660769433622e-13,
        -2.2044330780060116e-13,
        -1.5782297312184048e-13,
        -1.5167074638165568e-13,
        -1.2759151986926638e-13,
        -1.0297478671762425e-13,
        -7.872595499940026e-14,
        -6.427675108755937e-14,
        -5.753863018717428e-14,
        -5.330265647724319e-14,
        -2.932307460904971e-14,
        -1.8755148145755548e-14,
        -9.290039151734603e-15,
        7.413263483887607e-15,
        1.7763570835261236e-14,
        2.2345148028484505e-14,
        4.171534526195832e-14,
        5.769671672875e-14,
        7.1818452612554e-14,
        9.566007559784259e-14,
        1.2458341565479838e-13,
        1.6871496218156743e-13,
        1.7818957866224859e-13,
        2.0005900924957474e-13,
        2.2614829166153538e-13,
        2.5777704107262133e-13,
        3.602843414446112e-13,
        6.351474758666457e-13,
        1.6622987345496289e-12,
        0.66137413767565,
        1.143316016769767,
        6.234556446450044,
        10.228000101392603,
        11.864779428530692,
        17.457051951692378,
        24.756386984704474,
        41.6180137270762,
        60.19053486332693,
        97.67651758221764,
        129.49464733524547,
        144.4167551816399,
        202.19226769133178,
        205.58093579744664,
        220.44535854242181,
        245.47369823675433,
        284.3372070015165,
        504.6003524800175,
        625.0170682648712,
        5140.462032197696
      ],
      "top_N_eigenvalues": [
        5140.462032197696,
        625.0170682648712,
        504.6003524800175,
        284.3372070015165,
        245.47369823675433,
        220.44535854242181,
        205.58093579744664,
        202.19226769133178,
        144.4167551816399,
        129.49464733524547,
        97.67651758221764,
        60.19053486332693,
        41.6180137270762,
        24.756386984704474,
        17.457051951692378,
        11.864779428530692
      ],