{
  "n_32d_pairs_found": 56,
  "basis_32d": [
    [
      [
        17,
        1
      ],
      [
        26,
        1
      ]
    ],
    [
      [
        17,
        1
      ],
      [
        26,
        -1
      ]
    ],
    [
      [
        17,
        1
      ],
      [
        27,
        1
      ]
    ],
    [
      [
        17,
        1
      ],
      [
        27,
        -1
      ]
    ],
    [
      [
        17,
        1
      ],
      [
        28,
        1
      ]
    ],
    [
      [
        17,
        1
      ],
      [
        28,
        -1
      ]
    ]
  ],
  "max_evals_32d": [
    23.06269307306103,
    34.83874701325711,
    35.9110735865367,
    36.35218212687162,
    37.370126933473045,
    32.57526606469341,
    23.37217061091406,
    22.813551463169503,
    32.407492967970974,
    17.654150134124244,
    42.9852451282313,
    35.92516332061156,
    29.433896298973245,
    49.39817786536996,
    35.613990735557124,
    35.74244241662722,
    32.96764518559155,
    25.759780665287714,
    34.56902408396479,
    24.007292586877405
  ],
  "max_evals_16d": [
    21.95475838323018,
    54.08195253520285,
    29.847507832535968,
    36.440771981553326,
    40.68500471900152,
    29.438971554756165,
    25.31087481975875,
    20.505584080685253,
    31.997809691921354,
    19.7115193044499,
    37.70790696418316,
    58.065383631341305,
    28.73158883396191,
    46.765826139401554,
    33.55012896824793,
    32.41524776456719,
    38.24940639325679,
    27.08824179105372,
    40.11469041329726,
    27.568700507593576
  ],
  "spearman_32d": -0.025563909774436087,
  "p_32d": 0.9148041683144317
}