{
  "track": "A2",
  "n": 100,
  "M_tilde_rho": -0.025250525052505246,
  "M_tilde_p": 0.8030742895633695,
  "M_tilde_lmax_range": [
    10.91280867785946,
    70.51443151212872
  ],
  "M_norm_rho": 0.09676567656765676,
  "M_norm_p": 0.33819346328657385,
  "M_norm_lmax_range": [
    21.58463979021002,
    39.04588856367966
  ],
  "gate_A2_pass": true
}