{
  "phase": 37,
  "track": "P2",
  "c1": 0.11797805192095003,
  "description": "Discrete Fourier test on (A1)^6 P-vectors vs bilateral Q-partners",
  "data": [
    {
      "i": 0,
      "label": "e1+e14",
      "P_nonzero": [
        [
          1,
          1.0
        ],
        [
          14,
          1.0
        ]
      ],
      "Q_nonzero": [
        [
          3,
          1.0
        ],
        [
          12,
          1.0
        ]
      ],
      "cos_sim_dft_P_vs_Q": 0.22554927580066875,
      "cos_sim_dft_P_vs_absP": 0.30353826116690846,
      "nonzero_dft_components": [
        [
          0,
          2.0,
          0.0
        ],
        [
          1,
          1.6309863136978344,
          0.3244233488214578
        ],
        [
          2,
          0.7071067811865476,
          0.2928932188134524
        ],
        [
          3,
          -0.32442334882145785,
          -0.21677275132473928
        ],
        [
          4,
          -1.0,
          -1.0
        ],
        [
          5,
          -1.0897902135516373,
          -1.6309863136978344
        ]
      ]
    },
    {
      "i": 1,
      "label": "e1-e14",
      "P_nonzero": [
        [
          1,
          1.0
        ],
        [
          14,
          -1.0
        ]
      ],
      "Q_nonzero": [
        [
          3,
          1.0
        ],
        [
          12,
          -1.0
        ]
      ],
      "cos_sim_dft_P_vs_Q": 0.06841962480417066,
      "cos_sim_dft_P_vs_absP": 0.36986244138272184,
      "nonzero_dft_components": [
        [
          1,
          0.21677275132473917,
          -1.0897902135516373
        ],
        [
          2,
          0.7071067811865476,
          -1.7071067811865475
        ],
        [
          3,
          1.0897902135516373,
          -1.6309863136978344
        ],
        [
          4,
          1.0,
          -1.0
        ],
        [
          5,
          0.3244233488214578,
          -0.21677275132473917
        ],
        [
          6,
          -0.7071067811865476,
          0.2928932188134524
        ]
      ]
    },
    {
      "i": 2,
      "label": "e2-e13",
      "P_nonzero": [
        [
          2,
          1.0
        ],
        [
          13,
          -1.0
        ]
      ],
      "Q_nonzero": [
        [
          5,
          1.0
        ],
        [
          10,
          1.0
        ]
      ],
      "cos_sim_dft_P_vs_Q": 0.3408671781920797,
      "cos_sim_dft_P_vs_absP": 0.2797424636318534,
      "nonzero_dft_components": [
        [
          1,
          0.3244233488214578,
          -1.6309863136978344
        ],
        [
          2,
          0.7071067811865476,
          -1.7071067811865475
        ],
        [
          3,
          0.21677275132473928,
          -0.32442334882145785
        ],
        [
          4,
          -1.0,
          1.0
        ],
        [
          5,
          -1.6309863136978344,
          1.0897902135516373
        ],
        [
          6,
          -0.7071067811865476,
          0.2928932188134524
        ]
      ]
    },
    {
      "i": 3,
      "label": "e3+e12",
      "P_nonzero": [
        [
          3,
          1.0
        ],
        [
          12,
          1.0
        ]
      ],
      "Q_nonzero": [
        [
          6,
          1.0
        ],
        [
          9,
          1.0
        ]
      ],
      "cos_sim_dft_P_vs_Q": 0.3408671781920797,
      "cos_sim_dft_P_vs_absP": 0.31566925355153713,
      "nonzero_dft_components": [
        [
          0,
          2.0,
          0.0
        ],
        [
          1,
          0.3826834323650898,
          0.07612046748871326
        ],
        [
          2,
          -1.7071067811865475,
          -0.7071067811865476
        ],
        [
          3,
          -0.9238795325112868,
          -0.6173165676349103
        ],
        [
          4,
          1.0,
          1.0
        ],
        [
          5,
          0.9238795325112867,
          1.3826834323650898
        ]
      ]
    },
    {
      "i": 4,
      "label": "e4+e11",
      "P_nonzero": [
        [
          4,
          1.0
        ],
        [
          11,
          1.0
        ]
      ],
      "Q_nonzero": [
        [
          5,
          1.0
        ],
        [
          10,
          1.0
        ]
      ],
      "cos_sim_dft_P_vs_Q": 0.3035382611669084,
      "cos_sim_dft_P_vs_absP": 0.3846440983722728,
      "nonzero_dft_components": [
        [
          0,
          2.0,
          0.0
        ],
        [
          1,
          -0.3826834323650898,
          -0.07612046748871326
        ],
        [
          2,
          -1.7071067811865475,
          -0.7071067811865476
        ],
        [
          3,
          0.9238795325112868,
          0.6173165676349103
        ],
        [
          4,
          1.0,
          1.0
        ],
        [
          5,
          -0.9238795325112867,
          -1.3826834323650898
        ]
      ]
    },
    {
      "i": 5,
      "label": "e5+e10",
      "P_nonzero": [
        [
          5,
          1.0
        ],
        [
          10,
          1.0
        ]
      ],
      "Q_nonzero": [
        [
          6,
          1.0
        ],
        [
          9,
          1.0
        ]
      ],
      "cos_sim_dft_P_vs_Q": 0.4388372862034575,
      "cos_sim_dft_P_vs_absP": 0.2797424636318534,
      "nonzero_dft_components": [
        [
          0,
          2.0,
          0.0
        ],
        [
          1,
          -1.0897902135516373,
          -0.21677275132473917
        ],
        [
          2,
          -0.7071067811865476,
          -0.2928932188134524
        ],
        [
          3,
          1.6309863136978344,
          1.0897902135516373
        ],
        [
          4,
          -1.0,
          -1.0
        ],
        [
          5,
          -0.21677275132473917,
          -0.3244233488214578
        ]
      ]
    }
  ],
  "interpretation": "DFT of P_i tested against Q_i (bilateral partner). cos_sim close to 1 would mean DFT(P) \u221d Q \u2014 Fourier self-duality. cos_sim close to 0 means no direct Fourier relation. This probes whether the bilateral annihilation P*Q=0 has a Fourier interpretation."
}