{
  "phase": 39,
  "track": "P1",
  "N_zeros": 50,
  "primes_25": [
    2,
    3,
    5,
    7,
    11,
    13,
    17,
    19,
    23,
    29,
    31,
    37,
    41,
    43,
    47,
    53,
    59,
    61,
    67,
    71,
    73,
    79,
    83,
    89,
    97
  ],
  "max_evals_25p_range": [
    1.9252449921728316,
    59.28023825526425
  ],
  "max_evals_6p_range": [
    18.608246566945752,
    59.56699439619378
  ],
  "spearman_25p": 0.15956782713085235,
  "p_25p": 0.26834271856772224,
  "spearman_6p": -0.06180072028811524,
  "p_6p": 0.6698512773118431,
  "max_evals_25p_first10": [
    9.85214259070177,
    7.56318130477386,
    2.461530916547307,
    42.63249863237422,
    19.111579517243868,
    13.03061507343488,
    6.862168756819859,
    13.75967502497544,
    25.479002887616602,
    8.034406332604775
  ],
  "max_evals_6p_first10": [
    21.95475838323018,
    54.08195253520285,
    29.847507832535968,
    36.440771981553326,
    40.68500471900152,
    29.438971554756165,
    25.31087481975875,
    20.505584080685253,
    31.997809691921354,
    19.7115193044499
  ]
}