{
  "track": "G3",
  "N_zeros": 60,
  "N_basis": 60,
  "eigenvalue_range": [
    -167.98724133186067,
    19465.540118367637
  ],
  "zero_range": [
    14.134725141734695,
    163.030709687182
  ],
  "eigenvalue_interval_counts": {
    "0-50": 20,
    "50-100": 1,
    "100-150": 1,
    "150-200": 0,
    "200-300": 1
  },
  "zero_interval_counts": {
    "0-50": 10,
    "50-100": 19,
    "100-150": 23,
    "150-200": 8,
    "200-300": 0
  },
  "spearman_sorted_rho": 1.0,
  "spearman_sorted_p": 0.0,
  "gate_G3_pass": true
}