{
  "phase": "77",
  "question": "Q-14",
  "law": "c_g = -2<x,P_g+Q_g>; |M|^2 = ||x||^2 + 4(c^2 + 4(2 sigma)^2)",
  "old_vector_provenance": "CAILculator_Phase73_Runs_AB.md Run B (May 5 2026), verbatim",
  "archaeology": {
    "pos3": {
      "value": -0.8651,
      "matches": []
    },
    "pos4": {
      "value": 0.3546,
      "matches": []
    },
    "pos5": {
      "value": -0.935,
      "matches": []
    },
    "pos6": {
      "value": 0.6283,
      "matches": []
    },
    "pos7": {
      "value": 0.778,
      "matches": []
    },
    "pos8": {
      "value": 0.1288,
      "matches": []
    },
    "pos9": {
      "value": -0.9917,
      "matches": []
    },
    "pos10": {
      "value": 0.4154,
      "matches": []
    },
    "pos11": {
      "value": -0.9097,
      "matches": []
    },
    "pos12": {
      "value": 0.7071,
      "matches": [
        {
          "formula": "1/sqrt2",
          "value": 0.707107,
          "residual": 6.8e-06
        },
        {
          "formula": "-sin(g3*ln7)/sqrt2",
          "value": 0.706871,
          "residual": 0.0002286
        }
      ]
    },
    "pos13": {
      "value": 0.7071,
      "matches": [
        {
          "formula": "1/sqrt2",
          "value": 0.707107,
          "residual": 6.8e-06
        },
        {
          "formula": "-sin(g3*ln7)/sqrt2",
          "value": 0.706871,
          "residual": 0.0002286
        }
      ]
    }
  },
  "old_vectors_under_law": {
    "sigma_0.3": {
      "vector": [
        0.3,
        14.1347,
        0.3019,
        -0.8651,
        0.3546,
        -0.935,
        0.6283,
        0.778,
        0.1288,
        -0.9917,
        0.4154,
        -0.9097,
        0.7071,
        0.7071,
        0.0,
        0.0
      ],
      "c": {
        "S1": -27.953400000000002,
        "S2": 1.3552000000000002,
        "S3": 1.837,
        "S4": -25.125,
        "S5": -27.2302,
        "S6": 1.5372
      },
      "mag": {
        "S1": 57.76720292172714,
        "S2": 14.792758881290537,
        "S3": 14.999257420285845,
        "S4": 52.31196753286957,
        "S5": 56.36856052197892,
        "S6": 14.863760712551853
      },
      "B_mean": 55.48257699219187,
      "A_mean": 14.885259004709411,
      "BA_ratio": 3.7273504595814053,
      "convergence": 0.4211968324011308
    },
    "sigma_0.5": {
      "vector": [
        0.5,
        14.1347,
        0.5019,
        -0.8651,
        0.3546,
        -0.935,
        0.6283,
        0.778,
        0.1288,
        -0.9917,
        0.4154,
        -0.9097,
        0.7071,
        0.7071,
        0.0,
        0.0
      ],
      "c": {
        "S1": -27.953400000000002,
        "S2": 1.3552000000000002,
        "S3": 1.837,
        "S4": -25.125,
        "S5": -27.2302,
        "S6": 1.1372
      },
      "mag": {
        "S1": 57.85853863864867,
        "S2": 15.145510071304962,
        "S3": 15.347263051111101,
        "S4": 52.412810525290475,
        "S5": 56.462158790822016,
        "S6": 15.073589569840358
      },
      "B_mean": 55.57783598492039,
      "A_mean": 15.188787564085473,
      "BA_ratio": 3.6591357769949013,
      "convergence": 0.4273964226844108
    },
    "sigma_0.7": {
      "vector": [
        0.7,
        14.1347,
        0.7019,
        -0.8651,
        0.3546,
        -0.935,
        0.6283,
        0.778,
        0.1288,
        -0.9917,
        0.4154,
        -0.9097,
        0.7071,
        0.7071,
        0.0,
        0.0
      ],
      "c": {
        "S1": -27.953400000000002,
        "S2": 1.3552000000000002,
        "S3": 1.837,
        "S4": -25.125,
        "S5": -27.2302,
        "S6": 0.7372000000000001
      },
      "mag": {
        "S1": 57.99526923292969,
        "S2": 15.659732926202798,
        "S3": 15.854943808162803,
        "S4": 52.563708651121644,
        "S5": 56.60226263427992,
        "S6": 15.493702673021708
      },
      "B_mean": 55.72041350611042,
      "A_mean": 15.669459802462436,
      "BA_ratio": 3.555988158401863,
      "convergence": 0.437122490379657
    }
  },
  "pairing_old_vector": {
    "S1=S2": {
      "support_minus": {
        "1": 1.0,
        "5": -1.0,
        "10": -1.0,
        "14": 1.0
      },
      "support_plus": {
        "1": 1.0,
        "3": 2.0,
        "5": 1.0,
        "10": 1.0,
        "12": 2.0,
        "14": 1.0
      },
      "val_minus": 14.654300000000001,
      "val_plus": 13.299100000000001,
      "paired": false
    },
    "S1=S3": {
      "support_minus": {
        "1": 1.0,
        "3": 1.0,
        "4": -1.0,
        "6": -1.0,
        "9": -1.0,
        "11": -1.0,
        "12": 1.0,
        "14": 1.0
      },
      "support_plus": {
        "1": 1.0,
        "3": 1.0,
        "4": 1.0,
        "6": 1.0,
        "9": 1.0,
        "11": 1.0,
        "12": 1.0,
        "14": 1.0
      },
      "val_minus": 14.8952,
      "val_plus": 13.058200000000001,
      "paired": false
    },
    "S1=S4": {
      "support_minus": {
        "12": 2.0,
        "14": 2.0
      },
      "support_plus": {
        "1": 2.0,
        "3": 2.0
      },
      "val_minus": 1.4142,
      "val_plus": 26.5392,
      "paired": false
    },
    "S1=S5": {
      "support_minus": {
        "3": 1.0,
        "5": -1.0,
        "10": -1.0,
        "12": 1.0,
        "14": 2.0
      },
      "support_plus": {
        "1": 2.0,
        "3": 1.0,
        "5": 1.0,
        "10": 1.0,
        "12": 1.0
      },
      "val_minus": 0.36160000000000003,
      "val_plus": 27.5918,
      "paired": false
    },
    "S1=S6": {
      "support_minus": {
        "1": 1.0,
        "2": -1.0,
        "3": 1.0,
        "6": -1.0,
        "9": -1.0,
        "12": 1.0,
        "13": 1.0,
        "14": 1.0
      },
      "support_plus": {
        "1": 1.0,
        "2": 1.0,
        "3": 1.0,
        "6": 1.0,
        "9": 1.0,
        "12": 1.0,
        "13": -1.0,
        "14": 1.0
      },
      "val_minus": 14.545300000000001,
      "val_plus": 13.408100000000001,
      "paired": false
    },
    "S2=S3": {
      "support_minus": {
        "3": 1.0,
        "4": -1.0,
        "5": 1.0,
        "6": -1.0,
        "9": -1.0,
        "10": 1.0,
        "11": -1.0,
        "12": 1.0
      },
      "support_plus": {
        "3": 1.0,
        "4": 1.0,
        "5": 1.0,
        "6": 1.0,
        "9": 1.0,
        "10": 1.0,
        "11": 1.0,
        "12": 1.0
      },
      "val_minus": 0.2408999999999999,
      "val_plus": -1.5961,
      "paired": false
    },
    "S2=S4": {
      "support_minus": {
        "1": -1.0,
        "5": 1.0,
        "10": 1.0,
        "12": 2.0,
        "14": 1.0
      },
      "support_plus": {
        "1": 1.0,
        "3": 2.0,
        "5": 1.0,
        "10": 1.0,
        "14": -1.0
      },
      "val_minus": -13.2401,
      "val_plus": 11.8849,
      "paired": false
    },
    "S2=S5": {
      "support_minus": {
        "1": -1.0,
        "3": 1.0,
        "12": 1.0,
        "14": 1.0
      },
      "support_plus": {
        "1": 1.0,
        "3": 1.0,
        "5": 2.0,
        "10": 2.0,
        "12": 1.0,
        "14": -1.0
      },
      "val_minus": -14.2927,
      "val_plus": 12.9375,
      "paired": false
    },
    "S2=S6": {
      "support_minus": {
        "2": -1.0,
        "3": 1.0,
        "5": 1.0,
        "6": -1.0,
        "9": -1.0,
        "10": 1.0,
        "12": 1.0,
        "13": 1.0
      },
      "support_plus": {
        "2": 1.0,
        "3": 1.0,
        "5": 1.0,
        "6": 1.0,
        "9": 1.0,
        "10": 1.0,
        "12": 1.0,
        "13": -1.0
      },
      "val_minus": -0.1090000000000001,
      "val_plus": -1.2462,
      "paired": false
    },
    "S3=S4": {
      "support_minus": {
        "1": -1.0,
        "3": -1.0,
        "4": 1.0,
        "6": 1.0,
        "9": 1.0,
        "11": 1.0,
        "12": 1.0,
        "14": 1.0
      },
      "support_plus": {
        "1": 1.0,
        "3": 1.0,
        "4": 1.0,
        "6": 1.0,
        "9": 1.0,
        "11": 1.0,
        "12": -1.0,