{
  "phase": "77",
  "question": "Q-15",
  "encoding": "Phase 76 Documented F(s), sigma=1/2",
  "grid": {
    "t_lo": 10.0,
    "t_hi": 105.0,
    "dt": 0.005,
    "n": 19001
  },
  "zeros_in_range": 31,
  "channels": {
    "conv_law_control": {
      "T1_value_at_zeros": {
        "observed_mean_at_zeros": 0.3957467702947997,
        "null_mean": 0.39526654922864385,
        "null_std": 0.0015592805654717488,
        "z": 0.3079760479221866,
        "p_two_sided": 0.7048
      },
      "T2_extremum_proximity": {
        "n_minima": 41,
        "observed_mean_dist": 0.852294915110743,
        "null_mean_dist": 0.6695873740199412,
        "null_std": 0.08800847959963327,
        "z": 2.07602201426467,
        "p_closer_than_chance": 0.9786
      }
    },
    "sandwich_B_classA_mean": {
      "T1_value_at_zeros": {
        "observed_mean_at_zeros": 1.360948654807443,
        "null_mean": 1.3672475785175018,
        "null_std": 0.004419847505795124,
        "z": -1.425145030863601,
        "p_two_sided": 0.14
      },
      "T2_extremum_proximity": {
        "n_minima": 59,
        "observed_mean_dist": 0.40971818944606625,
        "null_mean_dist": 0.4044905685984985,
        "null_std": 0.04220263244107452,
        "z": 0.12386954427231048,
        "p_closer_than_chance": 0.5526
      }
    },
    "sandwich_B_classB_mean": {
      "T1_value_at_zeros": {
        "observed_mean_at_zeros": 1.9986675188715326,
        "null_mean": 1.9978482714085883,
        "null_std": 0.0006710421911444833,
        "z": 1.2208583510181519,
        "p_two_sided": 0.194
      },
      "T2_extremum_proximity": {
        "n_minima": 57,
        "observed_mean_dist": 0.38329393423859637,
        "null_mean_dist": 0.4454778370614411,
        "null_std": 0.05372564032442751,
        "z": -1.157434372998464,
        "p_closer_than_chance": 0.125
      }
    },
    "sandwich_B_total": {
      "T1_value_at_zeros": {
        "observed_mean_at_zeros": 1.679808086839488,
        "null_mean": 1.682547924963045,
        "null_std": 0.0019094723612189913,
        "z": -1.4348666046194867,
        "p_two_sided": 0.1388
      },
      "T2_extremum_proximity": {
        "n_minima": 59,
        "observed_mean_dist": 0.40858915718800165,
        "null_mean_dist": 0.4043415530314285,
        "null_std": 0.0421543461461263,
        "z": 0.1007631370167388,
        "p_closer_than_chance": 0.5442
      }
    },
    "sandwich_C_total": {
      "T1_value_at_zeros": {
        "observed_mean_at_zeros": 1.6799127670827108,
        "null_mean": 1.6825719642724166,
        "null_std": 0.001911322107246487,
        "z": -1.3912867850080959,
        "p_two_sided": 0.1508
      },
      "T2_extremum_proximity": {
        "n_minima": 59,
        "observed_mean_dist": 0.41229883460735633,
        "null_mean_dist": 0.4042085963067728,
        "null_std": 0.042138907975204205,
        "z": 0.191989747464364,
        "p_closer_than_chance": 0.582
      }
    },
    "sandwich_B_S1": {
      "T1_value_at_zeros": {
        "observed_mean_at_zeros": 1.9988224313550393,
        "null_mean": 1.9980228330143386,
        "null_std": 0.0007100425766416606,
        "z": 1.1261273154670184,
        "p_two_sided": 0.2308
      },
      "T2_extremum_proximity": {
        "n_minima": 53,
        "observed_mean_dist": 0.4961610270389355,
        "null_mean_dist": 0.4631234512719896,
        "null_std": 0.051926178318259984,
        "z": 0.6362412339389923,
        "p_closer_than_chance": 0.741
      }
    },
    "sandwich_B_S2": {
      "T1_value_at_zeros": {
        "observed_mean_at_zeros": 0.08522423894237227,
        "null_mean": 0.10553159602456763,
        "null_std": 0.014144567230098931,
        "z": -1.4357001350300997,
        "p_two_sided": 0.1352
      },
      "T2_extremum_proximity": {
        "n_minima": 59,
        "observed_mean_dist": 0.40955689912348586,
        "null_mean_dist": 0.4045265027494488,
        "null_std": 0.04221331917887659,
        "z": 0.11916609430120968,
        "p_closer_than_chance": 0.55
      }
    },
    "sandwich_B_S3": {
      "T1_value_at_zeros": {
        "observed_mean_at_zeros": 1.9986180385858825,
        "null_mean": 1.998099608370591,
        "null_std": 0.0007808332621688607,
        "z": 0.6639448399667377,
        "p_two_sided": 0.5368
      },
      "T2_extremum_proximity": {
        "n_minima": 54,
        "observed_mean_dist": 0.4600266828476598,
        "null_mean_dist": 0.4722749259878931,
        "null_std": 0.05619946584105102,
        "z": -0.21794234085560582,
        "p_closer_than_chance": 0.4168
      }
    },
    "sandwich_B_S4": {
      "T1_value_at_zeros": {
        "observed_mean_at_zeros": 1.9984343689073198,
        "null_mean": 1.9977266300777432,
        "null_std": 0.0009353375778156357,
        "z": 0.7566667333407888,
        "p_two_sided": 0.4692
      },
      "T2_extremum_proximity": {
        "n_minima": 54,
        "observed_mean_dist": 0.421313659337508,
        "null_mean_dist": 0.46437071721489054,
        "null_std": 0.05357465105947655,
        "z": -0.8036834029881454,
        "p_closer_than_chance": 0.209
      }
    },
    "sandwich_B_S5": {
      "T1_value_at_zeros": {
        "observed_mean_at_zeros": 1.9987457563522393,
        "null_mean": 1.9977953511336832,
        "null_std": 0.0009051263066406662,
        "z": 1.0500249651161218,
        "p_two_sided": 0.2764
      },
      "T2_extremum_proximity": {
        "n_minima": 55,
        "observed_mean_dist": 0.3813347080128835,
        "null_mean_dist": 0.455700213849059,
        "null_std": 0.05117633590127558,
        "z": -1.4531229039068807,
        "p_closer_than_chance": 0.0698
      }
    },
    "sandwich_B_S6": {
      "T1_value_at_zeros": {
        "observed_mean_at_zeros": 1.9990036868940737,
        "null_mean": 1.998111531157347,
        "null_std": 0.0006609107050843402,
        "z": 1.349888464301529,
        "p_two_sided": 0.1404
      },
      "T2_extremum_proximity": {
        "n_minima": 54,
        "observed_mean_dist": 0.4530069466964815,
        "null_mean_dist": 0.47204312587008634,
        "null_std": 0.05573337552785205,
        "z": -0.3415579801745859,
        "p_closer_than_chance": 0.3712
      }
    },
    "W_conv_law": {
      "T1_value_at_zeros": {
        "observed_mean_at_zeros": 0.3937838056947604,
        "null_mean": 0.39387927425304214,
        "null_std": 0.0010728819339880403,
        "z": -0.08898328442056312,
        "p_two_sided": 0.9816
      },
      "T2_extremum_proximity": {
        "n_minima": 40,
        "observed_mean_dist": 0.8653754127359549,
        "null_mean_dist": 0.6623037324318363,
        "null_std": 0.08308294727437714,
        "z": 2.4442040992297116,
        "p_closer_than_chance": 0.9894
      }
    },
    "W_sandwich_B_total": {
      "T1_value_at_zeros": {
        "observed_mean_at_zeros": 1.6759385374624123,
        "null_mean": 1.6779391663538104,
        "null_std": 0.001414899560795816,
        "z": -1.413972374316668,
        "p_two_sided": 0.1452
      },
      "T2_extremum_proximity": {
        "n_minima": 59,
        "observed_mean_dist": 0.40616980234929145,
        "null_mean_dist": 0.4038319140794469,
        "null_std": 0.04207080701511463,
        "z": 0.05557032145840752,
        "p_closer_than_chance": 0.5248
      }
    },
    "c_S2_documented": {
      "T1_value_at_zeros": {
        "observed_mean_at_zeros": 1.8464032684851623,
        "null_mean": 0.0154105322241473,
        "null_std": 0.49172952586054114,
        "z": 3.723576966538106,
        "p_two_sided": 0.0004
      },
      "T2_extremum_proximity": {
        "n_minima": 35,
        "observed_mean_dist": 1.0453448717060805,
        "null_mean_dist": 0.7568200568679588,
        "null_std": 0.09739265475111945,
        "z": 2.9624905037800633,
        "p_closer_than_chance": 0.9976
      }
    },
    "c_S2_weighted": {
      "T1_value_at_zeros": {
        "observed_mean_at_zeros": 1.2146260794141719,
        "null_mean": 0.004016087842257718,