{"var_zeros_n100": [0.2754186460870012, 0.4707518624899131, 0.06635619773587421, 0.017010624545350864, 0.0025577250762765054, 0.2574207363927142, 0.008020263286728179, 0.03146088252536695, 0.003262635059917365, 0.00031437749106271877, 0.21656328738108177, 0.15995301718580823, 0.2930761785682433, 0.27850469352617896, 0.2847183156296047, 0.08916579052206859, 0.1575266733394672, 0.037559492957903506, 0.04407962789871787, 1.2979833144218756e-05, 0.033734243057553064, 0.08750783274660355, 0.3751542554991859, 0.010495819245748151, 0.016830059566818014, 0.08868730853992879, 0.07986174377325159, 0.04650198402514169, 0.13337507499450152, 0.27012605962728586, 0.011517521847439314, 0.0287931473699, 0.17143543246436893, 0.03855910431904385, 0.08109587209595742, 0.003840327580544226, 0.05079144379939868, 0.05503585296550936, 0.08791987152897712, 0.04767079629582704, 0.0026241121209186523, 0.0012446013923622886, 0.005851216110530117, 0.003531610513911314, 0.1149575063060761, 6.65956679327775e-06, 0.2564273406759894, 0.023571523822855284, 0.030868013858511643, 0.2273234757626324, 0.26993982904822766, 0.14140203718213434, 0.09413827142335496, 0.2501959511469016, 0.1223500831141984, 0.09146627337779972, 0.017071149144297974, 0.011960338491936767, 0.0011974880807914703, 0.0009289015295953567, 0.18169741689586, 0.09065677871941802, 0.010302936264890143, 0.161204727940094, 0.7118257930734664, 2.4255588878815994e-05, 0.19357664135386812, 0.017764850747882314, 0.0565659539211149, 0.0010346450193641692, 0.15512876379337276, 0.00432985702606758, 0.14575657262260344, 0.31058988892878875, 0.21528634314378262, 0.6401283571278915, 0.09504040498293527, 0.015370077567858239, 0.0849030774613267, 0.399156791436708, 0.10147412718035556, 0.09648118180024527, 0.09261932954169275, 0.008651551048407369, 0.19010836432688077, 0.0020794188476461663, 0.029031041074397156, 0.025687140191271884, 3.026685932826297e-05, 0.015956922275963282, 0.13405442098418896, 0.09685234008530373, 0.07450788286229984, 0.07792644360288947, 0.08998211435089608, 0.5930400429269954, 0.0028672677115398016, 0.000834365412993508, 0.3174319105131, 0.080255612999094], "var_mid_n100": [0.13869077658962564, 0.011015724141846556, 0.00549512678548951, 0.017632549256577416, 0.11961850973258256, 0.0016015633303256413, 2.504086715458567e-05, 0.18482433993401867, 0.00230977949006508, 0.009005819403638057, 0.16500325889820378, 0.01947156608193222, 1.7352807548546285e-05, 0.2285200324568699, 0.013559623070501334, 0.04265822813267925, 0.03935592148123852, 0.09966289223643338, 0.2288859816607657, 0.08051516262696294, 0.017725617843528448, 0.0005154079573043858, 7.4253858829259e-05, 0.09846144079532244, 0.1968392587748174, 0.03683972526724825, 0.08457479885564004, 0.0039749446426116525, 0.001664857616975796, 0.16087522023075254, 0.0003101666468242704, 0.003870688865959103, 0.001597860790175354, 0.17130643472868104, 0.004777592252552756, 0.002356376544953436, 0.0164537128898073, 0.23099790078912075, 0.4508531043917772, 0.0387904869217599, 0.0011167519853480996, 0.002822001241588799, 0.07126352560799265, 0.14593532424728317, 0.0687051686823329, 0.15082932667924978, 0.0034661240790193138, 0.11584828970890315, 0.055878865887615745, 0.08438618621729388, 0.15948725232107364, 0.008710842658449566, 0.002146450715407242, 0.1946379242682858, 0.017919941934520796, 0.009571669233926166, 0.0011807560468044833, 0.02164783107567997, 0.3231129754939588, 0.21530185476954022, 0.09508029666424439, 3.3374372049833645e-07, 0.0606666926863249, 0.0001664243959148758, 0.09801780464495316, 0.002748405912492131, 0.006489273507504187, 0.0538565649522464, 2.5754694174334728e-05, 0.0219847239075883, 0.0025908744914852396, 0.0602134843523418, 0.030124691043067104, 0.07402361241769112, 8.103666291481617e-09, 0.3459288957429307, 0.23362649581234743, 0.08580317273217247, 0.027869540169623064, 0.0975711781680048, 0.00013637037039517023, 0.03598957143695514, 0.004264552476252672, 0.2224505905739743, 0.07990331504269178, 0.012196643026019227, 0.26757779636632845, 0.03958398286919501, 0.01983255278613011, 0.0922286582576762, 0.06999970973773671, 0.0322557504146363, 0.001998752132261584, 0.06627635268748511, 0.1909031224170587, 0.001939674232062338, 0.0008007340956019611, 0.10710193186962766, 0.04755213871715912, 0.03381389744933806], "diff_var_zm_n100": [0.13672786949737553, 0.45973613834806654, 0.060861070950384705, -0.0006219247112265527, -0.11706078465630605, 0.25581917306238855, 0.007995222419573593, -0.15336345740865173, 0.000952855569852285, -0.008691441912575338, 0.051560028482877995, 0.140481451103876, 0.29305882576069475, 0.04998466106930907, 0.27115869255910335, 0.04650756238938934, 0.11817075185822869, -0.06210339927852987, -0.18480635376204785, -0.08050218279381872, 0.016008625214024616, 0.08699242478929917, 0.37508000164035665, -0.0879656215495743, -0.18000919920799938, 0.05184758327268054, -0.004713055082388451, 0.04252703938253004, 0.13171021737752572, 0.10925083939653332, 0.011207355200615044, 0.024922458503940897, 0.16983757167419358, -0.13274733040963718, 0.07631827984340467, 0.0014839510355907901, 0.03433773090959138, -0.17596204782361138, -0.3629332328628001, 0.008880309374067141, 0.0015073601355705527, -0.0015773998492265105, -0.06541230949746253, -0.14240371373337185, 0.0462523376237432, -0.1508226671124565, 0.2529612165969701, -0.09227676588604787, -0.0250108520291041, 0.14293728954533852, 0.11045257672715403, 0.13269119452368477, 0.09199182070794772, 0.055558026878615774, 0.10443014117967761, 0.08189460414387356, 0.01589039309749349, -0.009687492583743202, -0.32191548741316733, -0.21437295323994487, 0.08661712023161561, 0.09065644497569753, -0.05036375642143476, 0.1610383035441791, 0.6138079884285133, -0.0027241503236133152, 0.18708736784636393, -0.03609171420436409, 0.05654019922694057, -0.02095007888822413, 0.15253788930188752, -0.05588362732627422, 0.11563188157953634, 0.23656627651109763, 0.21528633504011632, 0.29419946138496084, -0.13858609082941215, -0.07043309516431423, 0.05703353729170364, 0.3015856132687032, 0.10133775680996039, 0.060491610363290135, 0.08835477706544008, -0.21379903952556692, 0.11020504928418899, -0.01011722417837306, -0.23854675529193128, -0.013896842677923127, -0.019802285926801846, -0.07627173598171293, 0.06405471124645225, 0.06459658967066743, 0.07250913073003826, 0.011650090915404365, -0.10092100806616262, 0.5911003686949331, 0.0020665336159378404, -0.10626756645663415, 0.26987977179594086, 0.046441715549755944], "per_prime_norm_ratio_zeros_n50": {"2": [0.7536713678160624, 1.3482604561763605, 0.9379501381709036, 0.9362040261184978, 0.8271711570518004, 0.7342468420240297, 0.979632562508879, 0.9684077965783167, 1.063822736504808, 1.020737779343233, 0.626836753120671, 1.2614862043429913, 0.681705818047595, 0.7380885204187178, 0.6481818511575275, 0.867151481340864, 1.2012854668852682, 1.1405290273598943, 1.0660656320671185, 0.9975894475190057, 0.869772610837304, 0.8992465490182664, 0.6433314632880671, 1.011675467322328, 1.086228612182338, 0.9909686078389379, 0.8246140433048431, 0.9125274035680014, 0.750280329245044, 0.655215452848905, 0.9804530317255762, 0.8881106964415718, 0.8590225907176181, 0.8736030165182993, 0.9534860038246131, 1.0582629667288126, 1.1070446870556212, 0.946985675783086, 0.7518702142803044, 0.8242132864535866, 0.9830451271778751, 0.990391176017716, 1.0142706389065386, 1.0199448709432555, 1.1573406861684372, 1.0303913830708014, 0.7573196085320957, 0.8742378527027512, 0.9833665779651991, 0.668305312598306],