{"zdtp_sigma05": [0.797394382192829, 0.20093891716513712, 0.12321904315117993, 0.1558277756230072, 7.065037459597079e-05, 0.10219254665438582, 0.17310493841707986, 0.006504756210015672, 0.003485920062835879, 7.685806330692824e-05, 0.0010609496737442603, 0.03768947409039458, 0.5727678812309625, 0.5377263869524589, 0.44116021148140483, 0.6592326143093868, 0.09511184983876575, 0.8096724782322949, 0.02024414491090476, 0.009611855439629169, 0.0001483534604728165, 0.04252153957647997, 0.6510127049321306, 0.33308965343817154, 6.126133980099979e-07, 0.8740321815371306, 0.006607133455395653, 0.18861023078597994, 0.0011105638549058217, 0.28653774682218913, 0.05556689095186085, 0.009666339710931116, 0.2613985686814593, 0.0012449242383373305, 0.9535996581325241, 0.002738863274082126, 0.031133243593921667, 0.03411221039808343, 0.07445308957740537, 0.9061414674427948, 0.0019117734372112727, 0.1064121581841313, 0.002959714100806865, 0.9744914569863832, 0.03435707679273492, 0.05461031329806565, 0.3943687393134414, 0.016413057069306847, 0.9790583979910088, 0.32752452003779253, 0.6321262030397918, 0.06881046907932176, 0.06907833740087954, 0.9245211744067443, 0.004166456424052112, 0.8585036492887266, 0.2714673090942774, 0.253506198419194, 0.2376336261249744, 0.007291791747376819, 0.09792184941232218, 0.06359244695092947, 0.1267240101792495, 4.262311761737969e-05, 0.589744433795797, 0.003026367288816223, 0.1969940633724231, 0.4126043378242853, 0.03924210897302616, 0.5211520289327318, 0.0975406477576567, 0.09617714622858442, 0.014475168808901429, 0.2756246487739017, 0.07893390021851865, 0.37886326937353043, 0.010143334193839726, 0.09450168620017296, 0.702636937995566, 0.17342617635382684, 0.7895174637196284, 0.9492521874567387, 0.00833490690194627, 0.007358618729246813, 0.12707256748956952, 0.020480696912829943, 0.29509499502551384, 0.22344902439056735, 0.17277668553774572, 0.3551680930778215, 6.900651629204724e-05, 0.013131122424598685, 0.1599084270364014, 0.3214021031250338, 0.003442349861932481, 0.002849525279206011, 0.00011741010375254657, 0.7457172793332913, 0.15803217258715518, 0.2121604229407157], "zdtp_sigma06": [0.8390580137383095, 0.18908913669863803, 0.17698382378138333, 0.12312211261344141, 5.1731232319829346e-05, 0.08999734365835788, 0.26817322649864506, 0.0057223130759600505, 0.0014473030029478196, 4.031158918227362e-05, 0.00033744411323566315, 0.03673000653454406, 0.3589533827335136, 0.13277569520961452, 0.2952854009183621, 0.12386830298599105, 0.08297761639637546, 0.8290418844192584, 0.018006052419454077, 0.009431286854093668, 1.769061654677273e-05, 0.0213446272569201, 0.06975682680905804, 0.2135889185382438, 2.285658884382258e-09, 0.023661410640705594, 0.004765918186624196, 0.14267159287335596, 0.000175496692323307, 0.1687460484431399, 0.053776124973466066, 0.008850467098694415, 0.10022802328436975, 0.0009754391378611338, 0.6145363979209908, 0.002342483502339787, 0.018586243985967976, 0.017463616680143845, 0.0637817172342704, 0.9217874297660873, 0.00011920796297937297, 0.09397252440681914, 0.001975566014890684, 0.9872664534074248, 0.018636439323163057, 0.05289419428870901, 0.009276045607491734, 0.009673860460319261, 0.7724280049394564, 0.25575869382048777, 0.45072466617176654, 1.305079693425526e-06, 0.0004573790632589336, 0.7381226709852249, 0.00286806891070146, 0.1673425427225388, 0.4327870501772474, 0.07898554954254333, 0.03411438928172916, 0.005758650863942005, 0.014672773191064303, 0.04637967185451786, 0.11996190246943217, 1.3141210733147446e-05, 0.784365456421033, 0.0001885153526469674, 0.16738207815241868, 0.3398044486396934, 0.034458518467301524, 0.4949331912393423, 0.07940598932365439, 0.09171082858695923, 0.013863152253460242, 0.2178629654202524, 0.049376002266512065, 0.009991318992674803, 0.009889234002143255, 0.08826776288993998, 0.3798473495218917, 0.04506523175160382, 0.3680015024554816, 0.45257714216862677, 0.007738881497327932, 0.00538471068393076, 0.12060649916942245, 0.013707973898787085, 0.28031783607834493, 0.21845222384401752, 0.09961115687253452, 0.2858730841650309, 5.899064348657834e-05, 0.009899345536235171, 0.1408726463677148, 0.19531539326078995, 3.601291541421858e-05, 0.0021661936815139393, 2.646879300327587e-05, 0.7297828353095057, 0.0851122900844935, 0.036758940456474876], "zdtp_diff_05_06": [-0.04166363154548047, 0.011849780466499094, -0.0537647806302034, 0.03270566300956579, 1.8919142276141443e-05, 0.012195202996027943, -0.0950682880815652, 0.0007824431340556215, 0.0020386170598880593, 3.6546474124654615e-05, 0.0007235055605085972, 0.0009594675558505239, 0.21381449849744882, 0.40495069174284437, 0.14587481056304274, 0.5353643113233958, 0.012134233442390285, -0.019369406186963478, 0.002238092491450683, 0.00018056858553550104, 0.00013066284392604377, 0.02117691231955987, 0.5812558781230726, 0.11950073489992774, 6.103277391256157e-07, 0.850370770896425, 0.0018412152687714567, 0.04593863791262398, 0.0009350671625825147, 0.11779169837904924, 0.0017907659783947816, 0.000815872612236701, 0.16117054539708953, 0.00026948510047619667, 0.3390632602115333, 0.00039637977174233896, 0.01254699960795369, 0.016648593717939586, 0.010671372343134977, -0.015645962323292517, 0.0017925654742318997, 0.012439633777312165, 0.000984148085916181, -0.012774996421041629, 0.015720637469571863, 0.0017161190093566425, 0.3850926937059497, 0.0067391966089875854, 0.2066303930515524, 0.07176582621730476, 0.1814015368680253, 0.06880916399962833, 0.06862095833762061, 0.18639850342151942, 0.0012983875133506517, 0.6911611065661878, -0.16131974108296998, 0.17452064887665064, 0.20351923684324524, 0.0015331408834348137, 0.08324907622125788, 0.017212775096411614, 0.006762107709817333, 2.9481906884232245e-05, -0.19462102262523595, 0.0028378519361692556, 0.02961198522000441, 0.0727998891845919, 0.004783590505724633, 0.026218837693389507, 0.018134658434002304, 0.004466317641625195, 0.000612016555441186, 0.057761683353649285, 0.029557897952006584, 0.36887195038085563, 0.00025410019169647136, 0.0062339233102329805, 0.32278958847367434, 0.12836094460222303, 0.4215159612641468, 0.4966750452881119, 0.0005960254046183389, 0.001973908045316053, 0.006466068320147067, 0.0067727230140428585, 0.014777158947168911, 0.004996800546549829, 0.0731655286652112, 0.06929500891279061, 1.0015872805468895e-05, 0.0032317768883635134, 0.019035780668686608, 0.12608670986424386, 0.0034063369465182625, 0.0006833315976920717, 9.09413107492707e-05, 0.015934444023785632, 0.07291988250266168, 0.1754014824842408],