{
  "track": "D1",
  "N_dim": 60,
  "n_zeros": 50,
  "lambda_max_rho": -0.01310924369747899,
  "lambda_max_p": 0.928004623947973,
  "mean_above_gamma1": 7.32,
  "eigenvalue_interval_counts": {
    "0-50": 1554,
    "50-100": 31,
    "100-150": 0,
    "150-200": 2,
    "200-300": 19,
    "300-500": 24
  },
  "zero_interval_counts": {
    "0-50": 10,
    "50-100": 19,
    "100-150": 21,
    "150-200": 0,
    "200-300": 0,
    "300-500": 0
  },
  "all_eigenvalues_summary": {
    "min": -63.34412318745046,
    "max": 583.3714863647269,
    "mean": 7.9834691511598725,
    "median": 1.811621827048831e-15,
    "count": 3000
  }
}