{"norm_sq_sigma05_zeros_n100": [0.9117314818373538, 1.4070711086076564, 1.2711448123081346, 1.5165573954550102, 1.5005795204220578, 1.2808120128947573, 0.9864987140202661, 0.8547510674011305, 1.3515410512612882, 0.7532891896964433, 1.7469787464920334, 1.4988682384384897, 1.3092731061846212, 2.004475746117777, 1.5021798265925332, 1.410188950947285, 1.2465439668428333, 0.998936290903734, 1.424754262297392, 0.9999899952854989, 1.457448294493331, 1.0023019030845082, 1.8007990053175358, 1.6641087643003991, 0.7093998592523892, 2.2921785197992115, 0.9788854993873073, 1.2469137987798986, 1.3865125410375752, 2.098898495621962, 0.9502434420513315, 1.0888391371736574, 2.1887984399837133, 0.9902205772872958, 1.1996810198419179, 1.0546841369751605, 1.606726010904458, 1.3687635955590096, 1.4122146131049544, 0.9734150513393373, 1.2533392125221317, 1.1535349056661923, 1.6129106618935791, 1.012689742067038, 1.6867993794017866, 1.0808360120910232, 2.0143623423101453, 1.0459904981498696, 1.215944616978443, 1.0907197704822078, 1.1103768411961825, 2.6522909593900104, 1.2024012660646355, 1.3710245103309384, 1.4394995313915966, 2.0031236556654513, 1.109509745737898, 1.0529732205915296, 1.0110548260961054, 1.0007032118778318, 1.2080791619579212, 1.3313919610442126, 1.1059091475325407, 2.280473774362631, 2.0554055982207933, 1.1375845644451106, 1.0422363917666262, 2.0189171290670282, 1.0695025845024941, 1.0297583295268313, 1.3168834711323443, 0.8282738463247811, 1.6391283571571873, 1.4682984719951162, 1.367315886664547, 2.9580587633605977, 0.480288594558979, 1.1241785411683591, 1.4482927274884885, 2.1235875572576464, 1.5285923774059111, 0.9163678335739714, 1.3236711708822653, 0.9240084796652087, 1.2223032833482417, 1.0256807650460358, 0.9844222374007601, 0.9356985715911099, 0.7947877134945013, 1.7541839945379056, 1.3310679359692372, 1.0382483726640996, 1.6569038855651048, 2.085902285384788, 1.198818898957255, 0.7726673549270346, 0.9765196327166016, 0.8623816937709567, 1.7561120164026334, 1.1948152813557285], "norm_sq_sigma05_midpoints_n99": [1.2396659328909365, 1.0220179876451796, 0.5948575110805615, 0.9736523941137609, 1.14028549722086, 1.434657891428693, 1.033371649583056, 1.0455878703074588, 1.0362265144300444, 1.0099020861532895, 1.0742528172368346, 1.0935740275837587, 1.000441695700407, 1.0770584296916383, 1.1196439242586356, 1.009830968753733, 1.3806661213354454, 1.3488064260933461, 1.0746828982013492, 1.4979171845077985, 0.9693082355123002, 1.3295846287814348, 0.9596959938018264, 1.3070977089217437, 0.9993315727409386, 1.3270630806767891, 1.040117026458128, 0.9139230568917349, 1.0588045226889735, 1.3664822554692742, 0.6714898641023437, 1.1230995998540334, 1.0068248637784505, 1.0056183534151082, 0.9637552068696281, 1.608547638061993, 1.007866785072315, 1.0079756186251447, 1.2612015673720702, 1.245238482988007, 0.9259013805603697, 1.0217781062300502, 1.792566722630807, 1.1679855281549198, 0.9772497680574808, 1.4087427966147046, 1.673756489569381, 0.9982668278066844, 1.5261558293080102, 1.1055232121946732, 1.2688663429450553, 0.9676786425272543, 1.3043270305966015, 1.1496571533312643, 0.9784601376499467, 1.1814800916055905, 1.022351660828048, 0.6323817100521323, 1.7463111524381567, 1.5582586754975534, 1.0870151845688025, 0.8791019628350162, 1.2857669561022027, 1.0012507065758498, 1.0453835866010122, 1.1748240197802513, 1.0105361478103139, 1.4972887069684586, 0.9728761600014683, 1.3062562665407411, 1.1531578042928257, 1.074635521233457, 1.1731439038419598, 1.0152107282590017, 1.654600026889091, 0.8920684666771316, 1.551501189450858, 1.142010199245598, 1.0067989688676253, 1.746555222852695, 1.0190650312063614, 1.3005300350583215, 1.3223137780728365, 0.9978692393215709, 1.7696439307327447, 1.1452568813956805, 1.3774781729134467, 1.7571075372196874, 0.9391599431784539, 1.1393906710685393, 1.0500689275783, 0.935296584406789, 1.4553843674849527, 1.1185135569292202, 1.3654085048390516, 1.3090088083808555, 1.0002739719789808, 1.8447790727998092, 1.0687230725892602], "mean_ns_by_sigma": {"0.3": 1.3801971322172772, "0.4": 1.3495185748256353, "0.5": 1.338840017433994, "0.6": 1.3481614600423528, "0.7": 1.377482902650712}}