{
  "track": "V1",
  "rank_M_tilde_60basis_N1": 12,
  "iA_evals_6basis_N1": [
    -0.6554029221589087,
    -0.2364818207585988,
    -0.014087348483965156,
    0.014087348483965168,
    0.23648182075859878,
    0.655402922158909
  ],
  "phase36_iA_baseline": [
    0.655,
    0.237,
    0.014
  ],
  "baseline_match": true
}