{
  "phase": 38,
  "track": "S1",
  "F0_over_lambda_max_mean": -0.03585313451315974,
  "F0_over_lambda_max_std": 0.3744767839110731,
  "F0_over_lambda_max_cv": 10.44474322806066,
  "theorem_candidate": false,
  "spearman_F0_lambda": -0.16540054005400537,
  "p_F0_lambda": 0.10006085725372711,
  "spearman_ratio_gamma": 0.12727272727272726,
  "p_ratio_gamma": 0.2069975414002002,
  "ratio_values_100": [
    0.09978212190223232,
    -0.23519335242241307,
    -0.17787397273433792,
    0.32405790612510843,
    -0.004436127951462467,
    -0.19488193915207028,
    -0.23337290670549243,
    0.1537822913365133,
    0.7146398166827873,
    -0.14092659416481831,
    0.04928962710525872,
    -0.1792285251442179,
    -0.4954629757534566,
    -0.21866826539773423,
    0.363841393999709,
    -0.18417523939051345,
    -0.1792169294736495,
    -0.24725770273092898,
    -0.2619861835878831,
    0.06169401842816652,
    -0.1743216803157184,
    0.0715960766429903,
    -0.6035838804147468,
    -0.17334737857020852,
    0.16960629410145625,
    -0.02831978118458673,
    -0.09913626952965325,
    -0.13908868814453285,
    -0.11519533503527783,
    0.08806407807757714,
    0.5012241382474266,
    -0.06276786028840069,
    0.014520565923825232,
    0.38260859999379554,
    -0.515391051034799,
    -0.6376230704114446,
    0.4397797263659555,
    0.28222198956510036,
    -0.09830155931194645,
    -0.2747514045480393,
    0.05773830556322571,
    -0.07377667902760796,
    3.8909393518701616e-05,
    0.9982622820088777,
    -0.6430992465197167,
    0.027827246483115832,
    -1.3128278203193495,
    -0.20761180124914702,
    -0.27174283335433946,
    0.3047901520325166,
    0.143808482390622,
    -0.33882167204184105,
    0.06068767171578431,
    0.16785505559391603,
    -0.3162709413994365,
    -0.09517982850753502,
    -0.6883858867048145,
    0.6083444682662899,
    0.08671082089031193,
    -0.0433361446689281,
    0.5177960795686696,
    -0.6402682972788873,
    -0.2889030425358644,
    -0.07892709347364195,
    0.10457452076838367,
    0.2537649984176633,
    -0.19325907222686425,
    0.15990410952897108,
    0.053434334915156236,
    0.07276068435204235,
    0.09750560819997657,
    0.10186457127921404,
    -0.05346917566490598,
    -0.7419854349154408,
    0.0760156316107024,
    -0.06481886415584241,
    0.2859209505788839,
    0.3184393992886287,
    0.1484989762629165,
    0.5508768038277333,
    -1.6502459852805598,
    0.20856523427204765,
    0.3950405946000239,
    0.09920556282743045,
    -0.1980993258814727,
    -0.3018013544196453,
    -0.02883685701133952,
    0.5602992474529784,
    0.060807384098292006,
    -0.22398716840406344,
    0.4246170426216643,
    -0.0822210467493157,
    0.10082500878612607,
    -0.08064254711402274,
    0.499365224556447,
    -0.08426176699875185,
    -0.3273008405835672,
    -0.1742471807730598,
    -0.28703705424129616,
    0.3177061769335836
  ],
  "F0_values_100": [
    0.06539749427393954,
    -0.36749109136030395,
    -0.1745953214547118,
    0.3546953385631674,
    -0.004953583038676414,
    -0.21391943494276372,
    -0.20932572990554787,
    0.11446308139083147,
    0.35946263435998854,
    -0.10962708385658937,
    0.040536175496870455,
    -0.28817414832323013,
    -0.5858407841942266,
    -0.17892258464424182,
    0.2731548719141841,
    -0.14099283036275426,
    -0.23247396037928061,
    -0.24487660523073365,
    -0.3177826706326114,
    0.055538704961358695,
    -0.13153733017282765,
    0.04952876431302085,
    -0.33601874793251096,
    -0.19214230379735198,
    0.121342443025722,
    -0.027891209686336623,
    -0.08713532742319538,
    -0.13577586141327913,
    -0.09506353701661138,
    0.07071098243846446,
    0.3952570797327904,
    -0.04548033256509032,
    0.014629920874594776,
    0.26736635042989126,
    -0.37706296411091567,
    -0.4828971923423549,
    0.4554630654409462,
    0.23110122140399078,
    -0.07294987997813407,
    -0.20887652117694644,
    0.050002538822969955,
    -0.0823256660674851,
    4.87763072256342e-05,
    0.630645638271779,
    -0.5011779036793855,
    0.024712896052509516,
    -0.6771617180596325,
    -0.16704697129527615,
    -0.24209125887339542,
    0.2664994423196303,
    0.0947518602194039,
    -0.25882747952158003,
    0.04570980618518056,
    0.1793526328658571,
    -0.3572392781290251,
    -0.09135452302300279,
    -0.5294183085682946,
    0.5119681639969419,
    0.07701410369914075,
    -0.04182955299092195,
    0.21964218094307128,
    -0.4935732093662606,
    -0.31402213471471785,
    -0.07997974784835701,
    0.03629327290491226,
    0.25910697113443043,
    -0.10096777700357393,
    0.19129046605642536,
    0.03575348655300816,
    0.07338038062220559,
    0.11447971807041218,
    0.09840168573078882,
    -0.08168317106201692,
    -0.4178559968939936,
    0.08352405351876269,
    -0.04051525952349926,
    0.10405038700970755,
    0.2713604398781181,
    0.12746170297433118,
    0.405882393348405,
    -0.7121251708561841,
    0.14638976790646122,
    0.359466361699152,
    0.08141267162886068,
    -0.248922516728307,
    -0.27980757682797014,
    -0.02871930391915671,
    0.43142930377557487,
    0.04588919361193322,
    -0.21864070629337498,
    0.28519125940751267,
    -0.09879119059030664,
    0.14324703861513788,
    -0.0801469435778694,
    0.325876339569399,
    -0.09825116736117723,
    -0.30425460671588,
    -0.149407821858063,
    -0.2178526072822675,
    0.21441963527941602
  ],
  "lambda_max_values_100": [
    0.655402922158909,
    1.5625062850427884,
    0.9815675602831285,
    1.0945430796748739,
    1.1166456632621151,
    1.0976873273815184,
    0.8969581467728336,
    0.7443190005561708,
    0.5029983300238448,
    0.7779020312402986,
    0.8224078346201495,
    1.6078587272385807,
    1.1824108215216915,
    0.8182375449807531,
    0.7507525982994737,
    0.7655362948316958,
    1.2971651788815048,
    0.9903699764500906,
    1.2129749221145907,
    0.9002283588647291,
    0.7545666719974077,
    0.6917804247849106,
    0.5567059671998181,
    1.108423475348554,
    0.7154359669761816,
    0.9848667086988878,
    0.8789449899275441,
    0.9761819111572092,
    0.8252377319576247,
    0.8029492158672684,
    0.7885834890451222,
    0.7245799419658558,
    1.0075310391718353,
    0.6987985906072862,
    0.7316055708647851,
    0.7573395862711674,
    1.035661805523841,
    0.818863270576875,
    0.7421029787191643,
    0.7602382288838313,
    0.8660201981198636,
    1.1158765500501593,
    1.2535869314485741,
    0.6317434301962043,
    0.7793165773271046,
    0.8880826950486838,
    0.515803906330162,
    0.8046121188207863,
    0.8908836928101069,
    0.8743702529181414,
    0.6588753225420508,
    0.7639047347880907,
    0.753197558793343,
    1.0684970567687673,
    1.1295355701927967,
    0.9598097039623328,
    0.7690719969616598,
    0.8415760982523453,
    0.8881717749686927,
    0.9652347552022463,
    0.4241866433713362,
    0.7708849734774086,
    1.0869464438947027,
    1.013337047246857,
    0.3470565548686207,
    1.0210508649738013,
    0.522447799423611,
    1.196282363348315,
    0.6691107245889377,
    1.0085169109620373,
    1.1740834212902196,
    0.9660050054210375,
    1.5276684191641456,
    0.5631592983245203,
    1.098774709213929,
    0.6250535249443652,
    0.3639131263345484,
    0.8521572408575016,
    0.8583338833842264,
    0.7367934001362125,
    0.43152667978472015,
    0.7018895954419412,
    0.9099479056402024,
    0.8206462350350174,
    1.2565540827596908,
    0.9271249871162158,
    0.9959235123253347,
    0.76999800684505,
    0.7546648206039533,
    0.9761304982388828,
    0.6716434593550202,
    1.2015316575999302,
    1.4207490814010149,
    0.9938543169345508,
    0.6525811641346337,
    1.1660231070472638,
    0.929587000673153,
    0.8574475707165232,
    0.7589703282668546,
    0.6748991705132645
  ]
}