{
  "n": 20000,
  "gamma": 18046.464296239203,
  "F_vector": [
    0.2400037137732918,
    0.23202349068708053,
    0.41577033860827733,
    -0.04897672004193567,
    -0.06956294557988522,
    -0.12065684254445184,
    -0.04915734496818793,
    0.6378859391965923,
    0.10590313278419707,
    0.16214755770431358,
    -0.039164040592612054,
    -0.48962931597626685,
    0.07797943491474761,
    -0.3811826853733449,
    -0.03548618371775876,
    0.14768265839451034
  ],
  "energy": 1.1686408313329701
}