{
  "track": "S1",
  "n_zeros": 50,
  "diagonal_rho_all": {
    "0": {
      "rho": 0.024537815126050418,
      "p": 0.8656822648557904
    },
    "1": {
      "rho": 0.024537815126050418,
      "p": 0.8656822648557904
    },
    "2": {
      "rho": 0.05699879951980792,
      "p": 0.6941952581621045
    },
    "3": {
      "rho": 0.05699879951980792,
      "p": 0.6941952581621045
    },
    "4": {
      "rho": -0.04336134453781513,
      "p": 0.7649426494889897
    },
    "5": {
      "rho": -0.04336134453781513,
      "p": 0.7649426494889897
    },
    "6": {
      "rho": 0.06112845138055222,
      "p": 0.6732399810589116
    },
    "7": {
      "rho": 0.06112845138055222,
      "p": 0.6732399810589116
    },
    "8": {
      "rho": -0.046242496998799516,
      "p": 0.7498143857365436
    },
    "9": {
      "rho": -0.046242496998799516,
      "p": 0.7498143857365436
    },
    "10": {
      "rho": -0.05853541416566627,
      "p": 0.686370453265255
    },
    "11": {
      "rho": -0.05853541416566627,
      "p": 0.686370453265255
    },
    "12": {
      "rho": -0.021080432172869146,
      "p": 0.8844684492089908
    },
    "13": {
      "rho": -0.021080432172869146,
      "p": 0.8844684492089908
    },
    "14": {
      "rho": 0.05094837935174069,
      "p": 0.725306443038003
    },
    "15": {
      "rho": 0.05094837935174069,
      "p": 0.725306443038003
    },
    "16": {
      "rho": 0.21171668667466984,
      "p": 0.13994716603568733
    },
    "17": {
      "rho": 0.21171668667466984,
      "p": 0.13994716603568733
    },
    "18": {
      "rho": 0.0885954381752701,
      "p": 0.5406540272994343
    },
    "19": {
      "rho": 0.0885954381752701,
      "p": 0.5406540272994343
    },
    "20": {
      "rho": -0.17301320528211284,
      "p": 0.2295451116993447
    },
    "21": {
      "rho": -0.17301320528211284,
      "p": 0.2295451116993447
    },
    "22": {
      "rho": -0.07370948379351741,
      "p": 0.6109520680536463
    },
    "23": {
      "rho": -0.07370948379351741,
      "p": 0.6109520680536463
    },
    "24": {
      "rho": 0.2173829531812725,
      "p": 0.1294055101709087
    },
    "25": {
      "rho": 0.2173829531812725,
      "p": 0.1294055101709087
    },
    "26": {
      "rho": -0.03673469387755102,
      "p": 0.8000603162887564
    },
    "27": {
      "rho": -0.03673469387755102,
      "p": 0.8000603162887564
    },
    "28": {
      "rho": -0.1870348139255702,
      "p": 0.193396441571529
    },
    "29": {
      "rho": -0.1870348139255702,
      "p": 0.193396441571529
    },
    "30": {
      "rho": -0.05027611044417767,
      "p": 0.7287915934144178
    },
    "31": {
      "rho": -0.05027611044417767,
      "p": 0.7287915934144178
    },
    "32": {
      "rho": 0.08542617046818726,
      "p": 0.5552872740683681
    },
    "33": {
      "rho": 0.08542617046818726,
      "p": 0.5552872740683681
    },
    "34": {
      "rho": 0.1454501800720288,
      "p": 0.3135278911255368
    },
    "35": {
      "rho": 0.1454501800720288,
      "p": 0.3135278911255368
    },
    "36": {
      "rho": -0.026554621848739496,
      "p": 0.8547568235322908
    },
    "37": {
      "rho": -0.026554621848739496,
      "p": 0.8547568235322908
    },
    "38": {
      "rho": -0.020216086434573826,
      "p": 0.8891752536029512
    },
    "39": {
      "rho": -0.020216086434573826,
      "p": 0.8891752536029512
    },
    "40": {
      "rho": 0.03241296518607443,
      "p": 0.8231806675615939
    },
    "41": {
      "rho": 0.03241296518607443,
      "p": 0.8231806675615939
    },
    "42": {
      "rho": 0.08686674669867947,
      "p": 0.5486126204499957
    },
    "43": {
      "rho": 0.08686674669867947,
      "p": 0.5486126204499957
    },
    "44": {
      "rho": 0.03241296518607443,
      "p": 0.8231806675615939
    },
    "45": {
      "rho": 0.03241296518607443,
      "p": 0.8231806675615939
    },
    "46": {
      "rho": 0.08686674669867947,
      "p": 0.5486126204499957
    },
    "47": {
      "rho": 0.08686674669867947,
      "p": 0.5486126204499957
    },
    "48": {
      "rho": 0.1454501800720288,
      "p": 0.3135278911255368
    },
    "49": {
      "rho": 0.1454501800720288,
      "p": 0.3135278911255368
    },
    "50": {
      "rho": -0.020216086434573826,
      "p": 0.8891752536029512
    },
    "51": {
      "rho": -0.020216086434573826,
      "p": 0.8891752536029512
    },
    "52": {
      "rho": -0.04336134453781513,
      "p": 0.7649426494889897
    },
    "53": {
      "rho": -0.04336134453781513,
      "p": 0.7649426494889897
    },
    "54": {
      "rho": 0.06112845138055222,
      "p": 0.6732399810589116
    },
    "55": {
      "rho": 0.06112845138055222,
      "p": 0.6732399810589116
    },
    "56": {
      "rho": 0.024537815126050418,
      "p": 0.8656822648557904
    },
    "57": {
      "rho": 0.024537815126050418,
      "p": 0.8656822648557904
    },
    "58": {
      "rho": 0.05699879951980792,
      "p": 0.6941952581621045
    },
    "59": {
      "rho": 0.05699879951980792,
      "p": 0.6941952581621045
    }
  },
  "top10_indices": [
    24,
    25,
    16,
    17,
    34,
    35,
    48,
    49,
    18,
    19
  ],
  "subspace_results": {
    "k6": {
      "indices": [
        24,
        25,
        16,
        17,
        34,
        35
      ],
      "rho": 0.1836734693877551,
      "p": 0.20166839087231644,
      "lambda_max_range": [
        21.003954916123963,
        79.9456479007872
      ]
    },
    "k12": {
      "indices": [
        24,
        25,
        16,
        17,
        34,
        35,
        48,
        49,
        18,
        19,
        42,
        43
      ],
      "rho": 0.09339735894357742,
      "p": 0.5188444715693143,
      "lambda_max_range": [
        38.82297288714975,
        162.084259730993
      ]
    },
    "k18": {
      "indices": [
        24,
        25,
        16,
        17,
        34,
        35,
        48,
        49,
        18,
        19,
        42,
        43,
        46,
        47,
        32,
        33,
        6,
        7
      ],
      "rho": 0.049411764705882356,
      "p": 0.7332804803454833,
      "lambda_max_range": [
        57.56413925872219,
        195.25831286529015
      ]
    }
  }
}