{
  "phase": 36,
  "track": "D1",
  "description": "Spectral determinant det_6(rho - M_F) for 50 zeros",
  "c1": 0.11797805192095003,
  "N_zeros": 50,
  "MF_definition": "M_F[i][j] = scalar_part(P_i * (F * P_j)) / G[j,j]",
  "det_abs_min": 7978138.93315796,
  "det_abs_max": 8590781969028.007,
  "det_abs_mean": 1789414445808.048,
  "trace_mean": -0.370926376022703,
  "trace_std": 1.5956223206511235,
  "near_zero_dets": 0,
  "det_results": [
    {
      "n": 1,
      "t": 14.134725141734695,
      "rho_real": 0.5,
      "rho_imag": 14.134725141734695,
      "det_real": -7842626.014280634,
      "det_imag": 1464212.4288843751,
      "det_abs": 7978138.93315796,
      "MF_trace": 0.39238496564363723,
      "MF_eigvals_real": [
        0.06539749427393957,
        0.06539749427393957,
        0.06539749427393958,
        0.06539749427393958,
        0.06539749427393958,
        0.06539749427393958
      ],
      "MF_eigvals_imag": [
        0.655402922158909,
        -0.655402922158909,
        0.2364818207585986,
        -0.2364818207585986,
        0.014087348483965149,
        -0.014087348483965149
      ]
    },
    {
      "n": 2,
      "t": 21.022039638771556,
      "rho_real": 0.5,
      "rho_imag": 21.022039638771556,
      "det_real": -83632482.55950567,
      "det_imag": 21169107.664798543,
      "det_abs": 86270060.03469484,
      "MF_trace": -2.2049465481618236,
      "MF_eigvals_real": [
        -0.36749109136030406,
        -0.36749109136030406,
        -0.3674910913603039,
        -0.3674910913603039,
        -0.3674910913603039,
        -0.3674910913603039
      ],
      "MF_eigvals_imag": [
        1.5625062850427887,
        -1.5625062850427887,
        0.1085882796638726,
        -0.1085882796638726,
        0.025620707218803173,
        -0.025620707218803173
      ]
    },
    {
      "n": 3,
      "t": 25.01085758014569,
      "rho_real": 0.5,
      "rho_imag": 25.01085758014569,
      "det_real": -241522615.99934608,
      "det_imag": 39453497.5862403,
      "det_abs": 244723829.06238422,
      "MF_trace": -1.0475719287282708,
      "MF_eigvals_real": [
        -0.1745953214547118,
        -0.1745953214547118,
        -0.17459532145471168,
        -0.17459532145471168,
        -0.17459532145471174,
        -0.17459532145471174
      ],
      "MF_eigvals_imag": [
        0.9815675602831285,
        -0.9815675602831285,
        0.7353542841554774,
        -0.7353542841554774,
        0.0030671910269110814,
        -0.0030671910269110814
      ]
    },
    {
      "n": 4,
      "t": 30.424876125859512,
      "rho_real": 0.5,
      "rho_imag": 30.424876125859512,
      "det_real": -791254820.6091874,
      "det_imag": 22695342.13274812,
      "det_abs": 791580235.7890196,
      "MF_trace": 2.128172031379004,
      "MF_eigvals_real": [
        0.35469533856316715,
        0.35469533856316715,
        0.3546953385631674,
        0.3546953385631674,
        0.35469533856316754,
        0.35469533856316754
      ],
      "MF_eigvals_imag": [
        1.094543079674873,
        -1.094543079674873,
        0.8574451973442077,
        -0.8574451973442077,
        0.02254901020049663,
        -0.02254901020049663
      ]
    },
    {
      "n": 5,
      "t": 32.93506158773919,
      "rho_real": 0.5,
      "rho_imag": 32.93506158773919,
      "det_real": -1270074958.6076427,
      "det_imag": 117209674.52603033,
      "det_abs": 1275471876.712577,
      "MF_trace": -0.029721498232058607,
      "MF_eigvals_real": [
        -0.004953583038676435,
        -0.004953583038676435,
        -0.004953583038676417,
        -0.004953583038676417,
        -0.004953583038676424,
        -0.004953583038676424
      ],
      "MF_eigvals_imag": [
        1.1166456632621147,
        -1.1166456632621147,
        0.36294732290087744,
        -0.36294732290087744,
        0.29299477439723914,
        -0.29299477439723914
      ]
    },
    {
      "n": 6,
      "t": 37.586178158825675,
      "rho_real": 0.5,
      "rho_imag": 37.586178158825675,
      "det_real": -2801211484.4813013,
      "det_imag": 320706672.1474377,
      "det_abs": 2819510338.755618,
      "MF_trace": -1.2835166096565824,
      "MF_eigvals_real": [
        -0.21391943494276355,
        -0.21391943494276355,
        -0.2139194349427636,
        -0.2139194349427636,
        -0.2139194349427637,
        -0.2139194349427637
      ],
      "MF_eigvals_imag": [
        1.097687327381519,
        -1.097687327381519,
        0.5484288219576066,
        -0.5484288219576066,
        0.09452313793616175,
        -0.09452313793616175
      ]
    },
    {
      "n": 7,
      "t": 40.9187190121475,
      "rho_real": 0.5,
      "rho_imag": 40.9187190121475,
      "det_real": -4670467899.629579,
      "det_imag": 487564376.87517947,
      "det_abs": 4695848104.769575,
      "MF_trace": -1.255954379433287,
      "MF_eigvals_real": [
        -0.20932572990554785,
        -0.20932572990554785,
        -0.20932572990554787,
        -0.20932572990554787,
        -0.20932572990554776,
        -0.20932572990554776
      ],
      "MF_eigvals_imag": [
        0.896958146772833,
        -0.896958146772833,
        0.06362952506627279,
        -0.06362952506627279,
        0.0034227520082347473,
        -0.0034227520082347473
      ]
    },
    {
      "n": 8,
      "t": 43.327073280915,
      "rho_real": 0.5,
      "rho_imag": 43.327073280915,
      "det_real": -6604726031.475539,
      "det_imag": 353000994.6481517,
      "det_abs": 6614152678.391481,
      "MF_trace": 0.686778488344989,
      "MF_eigvals_real": [
        0.1144630813908315,
        0.1144630813908315,
        0.11446308139083158,
        0.11446308139083158,
        0.11446308139083153,
        0.11446308139083153
      ],
      "MF_eigvals_imag": [
        0.7443190005561708,
        -0.7443190005561708,
        0.0953515054991109,
        -0.0953515054991109,
        0.48675323255751957,
        -0.48675323255751957
      ]
    },
    {
      "n": 9,
      "t": 48.00515088116716,
      "rho_real": 0.5,
      "rho_imag": 48.00515088116716,
      "det_real": -12235191617.701338,
      "det_imag": 214946098.69461632,
      "det_abs": 12237079543.224892,
      "MF_trace": 2.1567758061599314,
      "MF_eigvals_real": [
        0.3594626343599887,
        0.3594626343599887,
        0.35946263435998854,
        0.35946263435998854,
        0.3594626343599885,
        0.3594626343599885
      ],
      "MF_eigvals_imag": [
        0.5029983300238445,
        -0.5029983300238445,
        0.24525118260605036,
        -0.24525118260605036,
        0.08620359031571026,
        -0.08620359031571026
      ]
    },
    {
      "n": 10,
      "t": 49.7738324776723,
      "rho_real": 0.5,
      "rho_imag": 49.7738324776723,
      "det_real": -15166054453.920507,
      "det_imag": 1116606161.246588,
      "det_abs": 15207104162.812061,
      "MF_trace": -0.6577625031395362,
      "MF_eigvals_real": [
        -0.10962708385658931,
        -0.10962708385658931,
        -0.10962708385658933,
        -0.10962708385658933,
        -0.1096270838565894,
        -0.1096270838565894
      ],
      "MF_eigvals_imag": [
        0.7779020312402979,
        -0.7779020312402979,
        0.5307106619017232,
        -0.5307106619017232,
        0.004896474477486538,
        -0.004896474477486538
      ]
    }
  ],
  "interpretation": "M_F[i][j] = scalar_part(P_i * (F(rho) * P_j)) / (-2). This is the 6x6 matrix representation of F(rho) in the (A1)^6 basis. det_6(rho*I - M_F) is the Srednicki analogue of det_N(E - H_BK). Zeros of the spectral determinant would correspond to gamma values where rho is an eigenvalue of M_F."
}