{
  "experiment": "10A_definitive",
  "gue_seeds": {
    "1": 0.6838817984730744,
    "2": 0.6826991518951364,
    "3": 0.741982187266538,
    "4": 0.7379624038026082,
    "5": 0.7207889112449293
  },
  "gue_ensemble_mean": 0.7134628905364572,
  "gue_ensemble_std": 0.025646425242249617,
  "t_mids": [
    125,
    317,
    470,
    612,
    747,
    875,
    1002,
    1124,
    1244,
    1361
  ],
  "actual_sr_symmetry": [
    0.7401853977845396,
    0.7704592454224112,
    0.7310374779813422,
    0.7475424095627984,
    0.7361566427006507,
    0.7516541527844742,
    0.7139734828161372,
    0.7815070957019056,
    0.779038161964618,
    0.7367880446911184
  ],
  "band_deltas_seed1": [
    0.056303599311465224,
    0.08657744694933678,
    0.04715567950826782,
    0.06366061108972398,
    0.052274844227576334,
    0.06777235431139983,
    0.030091684343062752,
    0.09762529722883118,
    0.09515636349154355,
    0.05290624621804396
  ],
  "band_deltas_ensemble": [
    0.02672250724808245,
    0.056996354885954004,
    0.017574587444885048,
    0.03407951902634121,
    0.02269375216419356,
    0.038191262248017055,
    0.0005105922796799778,
    0.0680442051654484,
    0.06557527142816078,
    0.023325154154661187
  ],
  "rc_p2": [
    0.24701598328862467,
    0.9831508841333289,
    0.5845580288971367,
    -0.9958563322404509,
    -0.8354506919859697,
    -0.9844816739011726,
    -0.9709806923572751,
    0.9998460528734038,
    0.09196068305808323,
    0.6251156260800755
  ],
  "rc_full": [
    0.28634055758103505,
    1.4565368882474563,
    -0.6097928877278208,
    0.08778722107192682,
    -0.9833725682264689,
    1.637284019618508,
    -0.9712696254563511,
    1.9219686915421577,
    -0.9659974046280584,
    0.25453051488828066
  ],
  "seed1_ref": {
    "model_A": {
      "r": 0.47727824915729367,
      "p": 0.16303927978304592
    },
    "model_B": {
      "r": 0.5428285384869017,
      "p": 0.10493583308090235
    }
  },
  "ensemble_ref": {
    "model_A": {
      "r": 0.47727824915729367,
      "p": 0.16303927978304592
    },
    "model_B": {
      "r": 0.5428285384869018,
      "p": 0.10493583308090235
    }
  },
  "berry_keating_confirmed": false,
  "best_model_B_r": 0.5428285384869018
}